Team,Opponent,Year,Date,W/L,W%,SRS,EXP,PTS,REB,AST,STL,BLK,TOV,TS%,3PA/FGA,3P%
Alabama,Texas A&M-Corpus Christi,2023,2023-03-16,1,0.147,25.76,-0.24,1.7,7.3,-0.3,-2.4,3.4,1.0,-0.001,0.131,-0.029
Alabama,Maryland,2023,2023-03-18,1,0.217,8.61,-0.18,12.1,11.0,3.6,0.6,1.4,3.1,0.013,0.103,0.007
Alabama,San Diego State,2023,2023-03-24,0,0.040,7.38,-0.50,10.6,8.3,2.1,-0.6,1.2,2.2,0.024,0.127,-0.013
Arizona,Princeton,2023,2023-03-16,0,0.099,14.32,0.02,6.4,0.3,5.5,1.2,-0.2,1.4,0.038,-0.041,0.036
Arizona State,Texas Christian,2023,2023-03-17,0,0.021,-4.32,0.30,-4.2,0.7,-1.8,-0.9,0.0,-0.2,-0.019,0.093,0.012
Arkansas,Illinois,2023,2023-03-16,1,-0.019,1.18,0.33,-0.2,-2.5,0.4,1.5,-0.5,-0.2,0.004,-0.141,0.005
Arkansas,Kansas,2023,2023-03-18,1,-0.188,-3.21,0.07,-1.3,-0.6,-3.6,-0.4,1.2,0.4,-0.009,-0.060,-0.034
Arkansas,Connecticut,2023,2023-03-23,0,-0.152,-6.96,0.02,-4.5,-4.0,-4.7,2.1,0.2,-0.2,-0.027,-0.139,-0.050
Auburn,Iowa,2023,2023-03-16,1,0.031,0.27,0.50,-7.3,-0.4,-2.3,1.2,1.7,2.4,-0.022,-0.024,-0.025
Auburn,Houston,2023,2023-03-18,0,-0.287,-7.85,0.42,-2.1,-2.7,-0.6,-0.2,0.2,2.2,-0.023,-0.028,-0.025
Baylor,California Santa Barbara,2023,2023-03-17,1,-0.107,14.00,0.21,5.3,2.2,0.1,0.3,-0.1,0.8,-0.006,0.151,0.018
Baylor,Creighton,2023,2023-03-19,0,0.051,-0.53,0.70,0.6,-3.0,-1.5,1.6,-1.7,0.5,-0.005,0.031,0.014
Boise State,Northwestern,2023,2023-03-16,0,0.071,-0.90,0.02,4.4,1.2,-1.5,-2.9,-1.0,1.5,0.041,-0.030,0.041
California Santa Barbara,Baylor,2023,2023-03-17,0,0.107,-14.00,-0.21,-5.3,-2.2,-0.1,-0.3,0.1,-0.8,0.006,-0.151,-0.018
Colgate,Texas,2023,2023-03-16,0,0.000,-18.36,0.42,0.1,-0.4,2.0,-0.8,-0.7,-1.4,0.029,0.003,0.056
College of Charleston,San Diego State,2023,2023-03-16,0,0.099,-7.41,-0.59,8.9,4.0,0.8,0.7,-0.8,0.3,0.017,0.132,-0.017
Connecticut,Iona,2023,2023-03-17,1,-0.037,15.34,-0.35,2.6,3.7,2.6,-1.2,-0.6,2.4,0.026,0.097,0.001
Connecticut,Saint Mary's (CA),2023,2023-03-19,1,-0.030,5.54,0.01,7.9,4.0,5.0,-0.5,1.4,2.2,0.024,0.047,-0.002
Connecticut,Arkansas,2023,2023-03-23,1,0.152,6.96,-0.02,4.5,4.0,4.7,-2.1,-0.2,0.2,0.027,0.139,0.050
Connecticut,Gonzaga,2023,2023-03-25,1,-0.091,3.96,-0.44,-7.5,2.1,1.2,-0.9,1.5,2.2,-0.029,0.094,-0.016
Connecticut,Miami (FL),2023,2023-04-01,1,-0.024,8.97,-0.19,-0.5,4.6,3.0,-1.0,1.8,1.8,-0.006,0.074,-0.005
Connecticut,San Diego State,2023,2023-04-03,1,-0.055,7.14,-0.81,7.4,3.0,4.6,-0.4,1.0,1.3,0.040,0.072,0.015
Creighton,North Carolina State,2023,2023-03-17,1,-0.061,5.33,-0.65,-1.3,0.4,2.9,-2.8,-0.4,2.2,0.035,0.046,0.007
Creighton,Baylor,2023,2023-03-19,1,-0.051,0.53,-0.70,-0.6,3.0,1.5,-1.6,1.7,-0.5,0.005,-0.031,-0.014
Creighton,Princeton,2023,2023-03-24,1,-0.088,13.07,-0.38,0.9,-2.0,2.3,0.1,0.8,-0.4,0.021,-0.001,0.012
Creighton,San Diego State,2023,2023-03-26,0,-0.176,2.02,-0.97,5.2,0.7,2.8,-1.7,0.2,0.0,0.041,0.072,0.006
Drake,Miami (FL),2023,2023-03-17,0,0.013,-6.14,0.42,-4.3,1.0,-0.8,-2.0,-0.5,-0.6,-0.011,0.028,0.002
Duke,Oral Roberts,2023,2023-03-16,1,-0.118,7.28,-0.95,-11.3,1.9,-0.1,-1.1,-0.9,2.6,-0.037,-0.108,-0.030
Duke,Tennessee,2023,2023-03-18,0,0.068,-5.01,-0.53,1.2,0.3,-2.1,-2.6,0.9,0.0,0.017,-0.047,0.006
Fairleigh Dickinson,Purdue,2023,2023-03-17,1,-0.282,-27.21,0.41,4.7,-4.3,-0.8,3.3,-1.7,0.4,-0.011,-0.004,0.023
Fairleigh Dickinson,Florida Atlantic,2023,2023-03-19,0,-0.340,-22.90,0.34,-0.4,-4.5,0.3,1.5,-0.6,-0.3,-0.025,-0.062,-0.021
Florida Atlantic,Memphis,2023,2023-03-17,1,0.147,-0.58,-1.15,-1.6,3.0,-1.2,-2.1,-1.9,-1.5,0.005,0.151,0.013
Florida Atlantic,Fairleigh Dickinson,2023,2023-03-19,1,0.340,22.90,-0.34,0.4,4.5,-0.3,-1.5,0.6,0.3,0.025,0.062,0.021
Florida Atlantic,Tennessee,2023,2023-03-23,1,0.215,-6.92,-0.43,7.0,0.5,-2.3,-1.8,-1.0,-0.2,0.043,0.042,0.037
Florida Atlantic,Kansas State,2023,2023-03-25,1,0.193,-1.87,-0.97,1.6,4.3,-2.6,-1.5,-0.2,-2.0,0.010,0.080,0.023
Florida Atlantic,San Diego State,2023,2023-04-01,0,0.099,-1.89,-0.82,6.6,2.6,1.5,-0.2,-1.3,0.2,0.039,0.096,0.018
Furman,Virginia,2023,2023-03-16,1,0.013,-8.39,-0.31,13.1,2.9,1.0,-0.2,-1.1,2.5,0.045,0.107,-0.006
Furman,San Diego State,2023,2023-03-18,0,-0.018,-10.92,-0.36,9.7,-1.2,3.8,-0.1,-0.7,-0.6,0.056,0.119,-0.004
Gonzaga,Grand Canyon,2023,2023-03-17,1,0.163,14.56,0.06,10.9,0.6,3.7,2.3,0.2,-1.2,0.029,-0.095,-0.004
Gonzaga,Texas Christian,2023,2023-03-19,1,0.212,3.38,0.22,10.8,1.4,0.2,-0.8,-1.3,-1.2,0.069,0.023,0.069
Gonzaga,UCLA,2023,2023-03-23,1,-0.004,-3.12,0.46,12.0,1.9,1.8,-1.2,-0.4,0.7,0.063,0.033,0.030
Gonzaga,Connecticut,2023,2023-03-25,0,0.091,-3.96,0.44,7.5,-2.1,-1.2,0.9,-1.5,-2.2,0.029,-0.094,0.016
Grand Canyon,Gonzaga,2023,2023-03-17,0,-0.163,-14.56,-0.06,-10.9,-0.6,-3.7,-2.3,-0.2,1.2,-0.029,0.095,0.004
Houston,Northern Kentucky,2023,2023-03-16,1,0.265,23.03,0.25,7.1,6.4,1.3,-1.5,2.4,-1.3,0.029,-0.033,-0.002
Houston,Auburn,2023,2023-03-18,1,0.287,7.85,-0.42,2.1,2.7,0.6,0.2,-0.2,-2.2,0.023,0.028,0.025
Houston,Miami (FL),2023,2023-03-24,0,0.131,8.22,0.08,-4.2,4.2,0.2,0.6,1.8,-1.1,-0.026,0.038,-0.028
Howard,Kansas,2023,2023-03-16,0,-0.147,-24.24,0.11,-0.1,-0.1,-1.5,-1.6,-0.8,4.1,0.004,0.032,0.027
Illinois,Arkansas,2023,2023-03-16,0,0.019,-1.18,-0.33,0.2,2.5,-0.4,-1.5,0.5,0.2,-0.004,0.141,-0.005
Indiana,Kent State,2023,2023-03-17,1,-0.157,7.41,-0.20,-1.4,0.0,2.9,-3.0,1.2,0.1,0.015,-0.119,0.032
Indiana,Miami (FL),2023,2023-03-19,0,-0.115,0.96,0.21,-4.4,1.0,0.7,-1.5,2.0,0.4,-0.018,-0.077,0.000
Iona,Connecticut,2023,2023-03-17,0,0.037,-15.34,0.35,-2.6,-3.7,-2.6,1.2,0.6,-2.4,-0.026,-0.097,-0.001
Iowa,Auburn,2023,2023-03-16,0,-0.031,-0.27,-0.50,7.3,0.4,2.3,-1.2,-1.7,-2.4,0.022,0.024,0.025
Iowa State,Pittsburgh,2023,2023-03-17,0,-0.083,4.77,0.17,-7.5,-2.4,-0.3,3.7,-1.2,1.8,-0.039,-0.096,-0.029
Kansas,Howard,2023,2023-03-16,1,0.147,24.24,-0.11,0.1,0.1,1.5,1.6,0.8,-4.1,-0.004,-0.032,-0.027
Kansas,Arkansas,2023,2023-03-18,0,0.188,3.21,-0.07,1.3,0.6,3.6,0.4,-1.2,-0.4,0.009,0.060,0.034
Kansas State,Montana State,2023,2023-03-17,1,-0.017,13.61,0.84,2.3,1.6,4.5,1.5,-0.2,1.9,-0.011,0.020,0.007
Kansas State,Kentucky,2023,2023-03-19,1,0.063,1.03,0.63,1.7,-4.8,1.9,1.6,-0.9,2.0,0.024,0.061,-0.004
Kansas State,Michigan State,2023,2023-03-23,1,0.106,1.54,0.63,5.3,-1.1,2.4,3.3,-0.2,2.9,0.014,0.031,-0.050
Kansas State,Florida Atlantic,2023,2023-03-25,0,-0.193,1.87,0.97,-1.6,-4.3,2.6,1.5,0.2,2.0,-0.010,-0.080,-0.023
Kennesaw State,Xavier,2023,2023-03-17,0,0.029,-15.43,0.19,-5.9,-2.4,-4.8,1.5,-0.5,0.0,-0.022,0.077,-0.025
Kent State,Indiana,2023,2023-03-17,0,0.157,-7.41,0.20,1.4,0.0,-2.9,3.0,-1.2,-0.1,-0.015,0.119,-0.032
Kentucky,Providence,2023,2023-03-17,1,0.000,1.87,0.14,-2.8,1.3,0.5,-0.4,-0.8,0.1,-0.014,-0.020,0.001
Kentucky,Kansas State,2023,2023-03-19,0,-0.063,-1.03,-0.63,-1.7,4.8,-1.9,-1.6,0.9,-2.0,-0.024,-0.061,0.004
Louisiana Lafayette,Tennessee,2023,2023-03-16,0,0.091,-16.57,0.18,6.6,-1.9,-2.3,-1.1,-0.6,0.2,0.040,-0.077,0.047
Marquette,Vermont,2023,2023-03-17,1,0.127,15.44,-0.69,6.6,0.5,3.6,3.3,0.1,1.3,0.009,-0.010,-0.005
Marquette,Michigan State,2023,2023-03-19,0,0.211,2.82,-0.64,8.4,-3.9,2.7,4.5,0.0,-0.2,0.033,0.088,-0.040
Maryland,West Virginia,2023,2023-03-16,1,0.061,-1.37,0.09,-6.3,-0.3,-1.6,-1.2,0.6,-2.2,-0.014,0.007,-0.022
Maryland,Alabama,2023,2023-03-18,0,-0.217,-8.61,0.18,-12.1,-11.0,-3.6,-0.6,-1.4,-3.1,-0.013,-0.103,-0.007
Memphis,Florida Atlantic,2023,2023-03-17,0,-0.147,0.58,1.15,1.6,-3.0,1.2,2.1,1.9,1.5,-0.005,-0.151,-0.013
Miami (FL),Drake,2023,2023-03-17,1,-0.013,6.14,-0.42,4.3,-1.0,0.8,2.0,0.5,0.6,0.011,-0.028,-0.002
Miami (FL),Indiana,2023,2023-03-19,1,0.115,-0.96,-0.21,4.4,-1.0,-0.7,1.5,-2.0,-0.4,0.018,0.077,0.000
Miami (FL),Houston,2023,2023-03-24,1,-0.131,-8.22,-0.08,4.2,-4.2,-0.2,-0.6,-1.8,1.1,0.026,-0.038,0.028
Miami (FL),Texas,2023,2023-03-26,1,0.017,-6.58,-0.08,1.1,0.6,-1.7,-0.6,-0.5,-0.5,0.014,-0.003,0.021
Miami (FL),Connecticut,2023,2023-04-01,0,0.024,-8.97,0.19,0.5,-4.6,-3.0,1.0,-1.8,-1.8,0.006,-0.074,0.005
Michigan State,Southern California,2023,2023-03-17,1,-0.075,1.19,0.41,-1.6,0.4,1.1,-2.2,-2.1,-1.5,-0.002,0.000,0.048
Michigan State,Marquette,2023,2023-03-19,1,-0.211,-2.82,0.64,-8.4,3.9,-2.7,-4.5,0.0,0.2,-0.033,-0.088,0.040
Michigan State,Kansas State,2023,2023-03-23,0,-0.106,-1.54,-0.63,-5.3,1.1,-2.4,-3.3,0.2,-2.9,-0.014,-0.031,0.050
Missouri,Utah State,2023,2023-03-16,1,-0.037,-2.82,0.05,0.7,-5.3,-0.8,5.2,-0.6,-1.1,-0.017,0.006,-0.027
Missouri,Princeton,2023,2023-03-18,0,0.003,6.65,0.67,3.4,-8.8,2.5,5.3,-0.6,-0.9,0.026,0.014,0.018
Montana State,Kansas State,2023,2023-03-17,0,0.017,-13.61,-0.84,-2.3,-1.6,-4.5,-1.5,0.2,-1.9,0.011,-0.020,-0.007
North Carolina Asheville,UCLA,2023,2023-03-16,0,-0.059,-23.85,0.65,0.3,-0.5,-1.8,-2.1,0.2,4.2,0.039,0.084,0.039
North Carolina State,Creighton,2023,2023-03-17,0,0.061,-5.33,0.65,1.3,-0.4,-2.9,2.8,0.4,-2.2,-0.035,-0.046,-0.007
Northern Kentucky,Houston,2023,2023-03-16,0,-0.265,-23.03,-0.25,-7.1,-6.4,-1.3,1.5,-2.4,1.3,-0.029,0.033,0.002
Northwestern,Boise State,2023,2023-03-16,1,-0.071,0.90,-0.02,-4.4,-1.2,1.5,2.9,1.0,-1.5,-0.041,0.030,-0.041
Northwestern,UCLA,2023,2023-03-18,0,-0.197,-8.43,0.46,-6.4,-0.8,-1.7,-0.5,0.1,-0.4,-0.028,0.119,-0.028
Oral Roberts,Duke,2023,2023-03-16,0,0.118,-7.28,0.95,11.3,-1.9,0.1,1.1,0.9,-2.6,0.037,0.108,0.030
Penn State,Texas A&M,2023,2023-03-16,1,-0.107,-0.72,0.09,-0.6,-4.2,1.2,-2.3,-0.2,-3.3,0.028,0.127,0.061
Penn State,Texas,2023,2023-03-18,0,-0.136,-7.52,0.29,-5.8,-1.5,-2.5,-3.5,-1.5,-2.6,0.007,0.126,0.040
Pittsburgh,Iowa State,2023,2023-03-17,1,0.083,-4.77,-0.17,7.5,2.4,0.3,-3.7,1.2,-1.8,0.039,0.096,0.029
Pittsburgh,Xavier,2023,2023-03-19,0,-0.059,-5.44,0.23,-5.8,-1.6,-5.0,-1.3,0.9,-1.3,-0.015,0.123,-0.030
Princeton,Arizona,2023,2023-03-16,1,-0.099,-14.32,-0.02,-6.4,-0.3,-5.5,-1.2,0.2,-1.4,-0.038,0.041,-0.036
Princeton,Missouri,2023,2023-03-18,1,-0.003,-6.65,-0.67,-3.4,8.8,-2.5,-5.3,0.6,0.9,-0.026,-0.014,-0.018
Princeton,Creighton,2023,2023-03-24,0,0.088,-13.07,0.38,-0.9,2.0,-2.3,-0.1,-0.8,0.4,-0.021,0.001,-0.012
Providence,Kentucky,2023,2023-03-17,0,0.000,-1.87,-0.14,2.8,-1.3,-0.5,0.4,0.8,-0.1,0.014,0.020,-0.001
Purdue,Fairleigh Dickinson,2023,2023-03-17,0,0.282,27.21,-0.41,-4.7,4.3,0.8,-3.3,1.7,-0.4,0.011,0.004,-0.023
Saint Mary's (CA),Virginia Commonwealth,2023,2023-03-17,1,-0.006,7.52,-0.16,-0.2,2.1,-0.5,-2.1,-1.1,-2.7,-0.007,0.043,0.017
Saint Mary's (CA),Connecticut,2023,2023-03-19,0,0.030,-5.54,-0.01,-7.9,-4.0,-5.0,0.5,-1.4,-2.2,-0.024,-0.047,0.002
San Diego State,College of Charleston,2023,2023-03-16,1,-0.099,7.41,0.59,-8.9,-4.0,-0.8,-0.7,0.8,-0.3,-0.017,-0.132,0.017
San Diego State,Furman,2023,2023-03-18,1,0.018,10.92,0.36,-9.7,1.2,-3.8,0.1,0.7,0.6,-0.056,-0.119,0.004
San Diego State,Alabama,2023,2023-03-24,1,-0.040,-7.38,0.50,-10.6,-8.3,-2.1,0.6,-1.2,-2.2,-0.024,-0.127,0.013
San Diego State,Creighton,2023,2023-03-26,1,0.176,-2.02,0.97,-5.2,-0.7,-2.8,1.7,-0.2,0.0,-0.041,-0.072,-0.006
San Diego State,Florida Atlantic,2023,2023-04-01,1,-0.099,1.89,0.82,-6.6,-2.6,-1.5,0.2,1.3,-0.2,-0.039,-0.096,-0.018
San Diego State,Connecticut,2023,2023-04-03,0,0.055,-7.14,0.81,-7.4,-3.0,-4.6,0.4,-1.0,-1.3,-0.040,-0.072,-0.015
Southern California,Michigan State,2023,2023-03-17,0,0.075,-1.19,-0.41,1.6,-0.4,-1.1,2.2,2.1,1.5,0.002,0.000,-0.048
Tennessee,Louisiana Lafayette,2023,2023-03-16,1,-0.091,16.57,-0.18,-6.6,1.9,2.3,1.1,0.6,-0.2,-0.040,0.077,-0.047
Tennessee,Duke,2023,2023-03-18,1,-0.068,5.01,0.53,-1.2,-0.3,2.1,2.6,-0.9,0.0,-0.017,0.047,-0.006
Tennessee,Florida Atlantic,2023,2023-03-23,0,-0.215,6.92,0.43,-7.0,-0.5,2.3,1.8,1.0,0.2,-0.043,-0.042,-0.037
Texas,Colgate,2023,2023-03-16,1,0.000,18.36,-0.42,-0.1,0.4,-2.0,0.8,0.7,1.4,-0.029,-0.003,-0.056
Texas,Penn State,2023,2023-03-18,1,0.136,7.52,-0.29,5.8,1.5,2.5,3.5,1.5,2.6,-0.007,-0.126,-0.040
Texas,Xavier,2023,2023-03-24,1,0.029,4.53,-0.10,-2.9,-3.6,-2.9,1.5,0.4,-0.8,-0.012,0.034,-0.043
Texas,Miami (FL),2023,2023-03-26,0,-0.017,6.58,0.08,-1.1,-0.6,1.7,0.6,0.5,0.5,-0.014,0.003,-0.021
Texas A&M,Penn State,2023,2023-03-16,0,0.107,0.72,-0.09,0.6,4.2,-1.2,2.3,0.2,3.3,-0.028,-0.127,-0.061
Texas A&M-Corpus Christi,Alabama,2023,2023-03-16,0,-0.147,-25.76,0.24,-1.7,-7.3,0.3,2.4,-3.4,-1.0,0.001,-0.131,0.029
Texas Christian,Arizona State,2023,2023-03-17,1,-0.021,4.32,-0.30,4.2,-0.7,1.8,0.9,0.0,0.2,0.019,-0.093,-0.012
Texas Christian,Gonzaga,2023,2023-03-19,0,-0.212,-3.38,-0.22,-10.8,-1.4,-0.2,0.8,1.3,1.2,-0.069,-0.023,-0.069
UCLA,North Carolina Asheville,2023,2023-03-16,1,0.059,23.85,-0.65,-0.3,0.5,1.8,2.1,-0.2,-4.2,-0.039,-0.084,-0.039
UCLA,Northwestern,2023,2023-03-18,1,0.197,8.43,-0.46,6.4,0.8,1.7,0.5,-0.1,0.4,0.028,-0.119,0.028
UCLA,Gonzaga,2023,2023-03-23,0,0.004,3.12,-0.46,-12.0,-1.9,-1.8,1.2,0.4,-0.7,-0.063,-0.033,-0.030
Utah State,Missouri,2023,2023-03-16,0,0.037,2.82,-0.05,-0.7,5.3,0.8,-5.2,0.6,1.1,0.017,-0.006,0.027
Vermont,Marquette,2023,2023-03-17,0,-0.127,-15.44,0.69,-6.6,-0.5,-3.6,-3.3,-0.1,-1.3,-0.009,0.010,0.005
Virginia,Furman,2023,2023-03-16,0,-0.013,8.39,0.31,-13.1,-2.9,-1.0,0.2,1.1,-2.5,-0.045,-0.107,0.006
Virginia Commonwealth,Saint Mary's (CA),2023,2023-03-17,0,0.006,-7.52,0.16,0.2,-2.1,0.5,2.1,1.1,2.7,0.007,-0.043,-0.017
West Virginia,Maryland,2023,2023-03-16,0,-0.061,1.37,-0.09,6.3,0.3,1.6,1.2,-0.6,2.2,0.014,-0.007,0.022
Xavier,Kennesaw State,2023,2023-03-17,1,-0.029,15.43,-0.19,5.9,2.4,4.8,-1.5,0.5,0.0,0.022,-0.077,0.025
Xavier,Pittsburgh,2023,2023-03-19,1,0.059,5.44,-0.23,5.8,1.6,5.0,1.3,-0.9,1.3,0.015,-0.123,0.030
Xavier,Texas,2023,2023-03-24,0,-0.029,-4.53,0.10,2.9,3.6,2.9,-1.5,-0.4,0.8,0.012,-0.034,0.043
Akron,UCLA,2022,2022-03-17,0,-0.054,-18.39,-0.91,-4.8,-1.7,-2.3,-1.1,-0.1,2.5,0.026,0.103,0.001
Alabama,Notre Dame,2022,2022-03-18,0,-0.103,2.75,-0.39,6.9,5.6,0.7,1.9,2.8,4.1,-0.023,0.054,-0.072
Alabama Birmingham,Houston,2022,2022-03-18,0,-0.059,-11.65,0.13,5.5,-0.7,-3.3,1.5,-1.0,0.4,0.009,-0.056,0.038
Arizona,Wright State,2022,2022-03-18,1,0.283,24.69,-0.55,8.2,6.5,5.5,0.8,2.7,1.2,0.034,0.032,0.019
Arizona,Texas Christian,2022,2022-03-20,1,0.287,9.03,-0.36,15.5,2.4,6.0,0.3,1.6,-1.1,0.072,0.042,0.050
Arizona,Houston,2022,2022-03-24,0,0.059,0.20,-0.40,9.2,2.4,3.4,-1.3,0.5,2.3,0.038,-0.030,0.014
Arkansas,Vermont,2022,2022-03-17,1,-0.091,8.46,-0.47,1.1,2.8,-1.3,2.5,1.6,2.6,-0.061,-0.088,-0.061
Arkansas,New Mexico State,2022,2022-03-19,1,-0.055,9.16,0.07,3.4,-0.4,0.1,2.6,0.0,-1.9,-0.022,-0.083,-0.026
Arkansas,Gonzaga,2022,2022-03-24,1,-0.139,-9.19,0.56,-11.3,-4.1,-4.3,1.2,-1.7,0.6,-0.075,-0.011,-0.066
Arkansas,Duke,2022,2022-03-26,0,-0.066,-3.28,0.50,-4.2,-0.1,-2.7,1.2,-1.5,1.9,-0.051,-0.016,-0.062
Auburn,Jacksonville State,2022,2022-03-18,1,0.166,19.39,-0.05,4.7,3.6,0.4,2.2,5.1,-1.0,-0.038,-0.029,-0.068
Auburn,Miami (FL),2022,2022-03-20,0,0.147,7.98,-0.35,4.3,9.8,0.6,-0.5,4.8,2.6,-0.029,0.043,-0.021
Baylor,Norfolk State,2022,2022-03-17,1,0.013,25.64,-0.43,2.7,-1.3,3.4,2.1,-0.2,-1.6,-0.004,0.027,0.000
Baylor,North Carolina,2022,2022-03-19,0,0.094,6.23,-0.04,-0.9,-4.1,1.0,3.6,-0.5,0.7,0.001,0.003,-0.015
Boise State,Memphis,2022,2022-03-17,0,0.117,-2.74,0.77,-6.9,-4.0,-4.4,-2.4,-2.1,-3.9,-0.020,0.083,-0.009
Cal State Fullerton,Duke,2022,2022-03-18,0,-0.146,-19.59,0.66,-10.1,-4.5,-5.2,0.9,-3.6,1.8,-0.044,-0.058,-0.037
Chattanooga,Illinois,2022,2022-03-18,0,0.084,-10.57,0.26,-0.2,-2.4,-2.4,2.0,-0.9,-1.4,0.006,-0.038,-0.014
Colgate,Wisconsin,2022,2022-03-18,0,-0.098,-12.15,1.01,5.7,1.2,6.0,0.8,0.7,2.6,0.061,0.061,0.098
Colorado State,Michigan,2022,2022-03-17,0,0.285,-2.75,0.36,0.8,-4.0,0.2,1.7,-0.2,-1.5,0.030,0.074,0.018
Connecticut,New Mexico State,2022,2022-03-17,0,-0.094,9.29,-0.20,2.3,2.2,0.3,0.9,2.3,-2.3,-0.021,-0.080,0.022
Creighton,San Diego State,2022,2022-03-17,1,-0.075,-1.79,-0.99,3.8,3.1,1.4,-2.0,-0.5,1.3,0.018,0.074,-0.046
Creighton,Kansas,2022,2022-03-19,0,-0.157,-10.94,-0.78,-9.0,0.2,-2.0,-0.8,0.0,2.0,-0.031,0.050,-0.053
Davidson,Michigan State,2022,2022-03-18,0,0.171,-2.75,0.07,3.2,-2.8,-1.1,-1.1,-2.4,-3.0,0.038,0.075,0.009
Delaware,Villanova,2022,2022-03-18,0,-0.141,-18.99,-0.21,1.7,-2.3,0.7,0.7,1.5,2.7,0.011,-0.075,-0.012
Duke,Cal State Fullerton,2022,2022-03-18,1,0.146,19.59,-0.66,10.1,4.5,5.2,-0.9,3.6,-1.8,0.044,0.058,0.037
Duke,Michigan State,2022,2022-03-20,1,0.176,6.37,-0.23,7.8,1.0,0.8,0.7,0.6,-2.5,0.030,0.020,-0.012
Duke,Texas Tech,2022,2022-03-24,1,0.088,-0.53,-0.74,8.0,1.5,2.8,-1.6,2.1,-3.2,0.026,0.017,0.045
Duke,Arkansas,2022,2022-03-26,1,0.066,3.28,-0.50,4.2,0.1,2.7,-1.2,1.5,-1.9,0.051,0.016,0.062
Duke,North Carolina,2022,2022-04-02,0,0.105,4.05,-0.05,2.2,-3.4,1.6,1.2,1.7,-1.4,0.033,-0.023,0.008
Georgia State,Gonzaga,2022,2022-03-17,0,-0.254,-26.57,0.21,-16.5,-4.5,-4.6,2.4,-1.3,0.1,-0.112,0.018,-0.040
Gonzaga,Georgia State,2022,2022-03-17,1,0.254,26.57,-0.21,16.5,4.5,4.6,-2.4,1.3,-0.1,0.112,-0.018,0.040
Gonzaga,Memphis,2022,2022-03-19,1,0.219,10.79,-0.04,12.0,3.1,2.3,-2.0,0.3,-4.4,0.052,0.048,0.015
Gonzaga,Arkansas,2022,2022-03-24,0,0.139,9.19,-0.56,11.3,4.1,4.3,-1.2,1.7,-0.6,0.075,0.011,0.066
Houston,Alabama Birmingham,2022,2022-03-18,1,0.059,11.65,-0.13,-5.5,0.7,3.3,-1.5,1.0,-0.4,-0.009,0.056,-0.038
Houston,Illinois,2022,2022-03-20,1,0.143,5.86,-0.05,0.4,0.5,1.0,2.8,2.2,-1.3,-0.004,-0.038,-0.021
Houston,Arizona,2022,2022-03-24,1,-0.059,-0.20,0.40,-9.2,-2.4,-3.4,1.3,-0.5,-2.3,-0.038,0.030,-0.014
Houston,Villanova,2022,2022-03-26,0,0.065,3.24,-0.46,3.1,4.2,4.3,2.0,3.0,1.2,-0.009,-0.075,-0.021
Illinois,Chattanooga,2022,2022-03-18,1,-0.084,10.57,-0.26,0.2,2.4,2.4,-2.0,0.9,1.4,-0.006,0.038,0.014
Illinois,Houston,2022,2022-03-20,0,-0.143,-5.86,0.05,-0.4,-0.5,-1.0,-2.8,-2.2,1.3,0.004,0.038,0.021
Indiana,Saint Mary's (CA),2022,2022-03-17,0,-0.164,-2.11,0.09,1.1,2.4,1.1,-1.3,2.3,0.6,-0.017,-0.053,-0.020
Iowa,Richmond,2022,2022-03-17,1,0.086,11.83,-0.82,12.2,5.0,1.5,-0.3,1.9,-0.6,0.022,-0.025,0.034
Iowa State,Louisiana State,2022,2022-03-18,1,-0.042,-5.07,1.18,-7.0,-4.6,2.0,-2.5,-1.2,-0.9,-0.016,0.029,-0.001
Iowa State,Wisconsin,2022,2022-03-20,1,-0.149,-0.75,0.92,-4.3,-2.6,3.6,3.2,0.2,5.1,-0.002,0.016,0.009
Iowa State,Miami (FL),2022,2022-03-25,0,-0.072,1.16,0.18,-8.3,1.8,0.6,-0.4,-0.1,4.3,-0.048,0.021,-0.024
Jacksonville State,Auburn,2022,2022-03-18,0,-0.166,-19.39,0.05,-4.7,-3.6,-0.4,-2.2,-5.1,1.0,0.038,0.029,0.068
Kansas,Texas Southern,2022,2022-03-17,1,0.211,25.58,-0.73,9.2,-1.5,4.6,0.7,-0.9,-2.8,0.053,0.022,0.047
Kansas,Creighton,2022,2022-03-19,1,0.157,10.94,0.78,9.0,-0.2,2.0,0.8,0.0,-2.0,0.031,-0.050,0.053
Kansas,Providence,2022,2022-03-25,1,-0.010,9.20,-0.14,6.7,0.3,2.1,1.3,0.6,0.7,0.026,-0.049,0.017
Kansas,Miami (FL),2022,2022-03-27,1,0.127,11.06,-0.14,4.3,7.3,1.2,-2.6,1.1,2.6,0.004,-0.024,0.022
Kansas,Villanova,2022,2022-04-02,1,0.036,2.97,-0.22,6.5,3.1,3.4,0.3,2.1,2.2,0.007,-0.132,0.002
Kansas,North Carolina,2022,2022-04-04,1,0.105,6.78,0.39,0.3,-3.4,0.4,1.1,0.4,0.4,0.016,-0.049,0.003
Kentucky,Saint Peter's,2022,2022-03-17,0,0.155,17.94,-0.17,12.4,4.3,3.8,-0.3,-0.8,-1.8,0.039,-0.023,-0.003
Longwood,Tennessee,2022,2022-03-17,0,0.025,-20.81,0.15,2.2,0.0,-2.4,-1.5,-1.9,-0.2,0.020,-0.033,0.018
Louisiana State,Iowa State,2022,2022-03-18,0,0.042,5.07,-1.18,7.0,4.6,-2.0,2.5,1.2,0.9,0.016,-0.029,0.001
Loyola (IL),Ohio State,2022,2022-03-18,0,0.148,-0.78,0.00,0.0,-0.7,2.4,2.4,-2.4,1.0,0.005,0.035,0.014
Marquette,North Carolina,2022,2022-03-17,0,-0.106,-4.14,-0.75,-3.9,-6.5,1.1,2.6,1.3,0.7,-0.002,0.038,-0.014
Memphis,Boise State,2022,2022-03-17,1,-0.117,2.74,-0.77,6.9,4.0,4.4,2.4,2.1,3.9,0.020,-0.083,0.009
Memphis,Gonzaga,2022,2022-03-19,0,-0.219,-10.79,0.04,-12.0,-3.1,-2.3,2.0,-0.3,4.4,-0.052,-0.048,-0.015
Miami (FL),Southern California,2022,2022-03-18,1,-0.091,-1.28,0.25,1.5,-9.5,-0.2,3.9,-1.2,-2.7,0.027,0.034,-0.018
Miami (FL),Auburn,2022,2022-03-20,1,-0.147,-7.98,0.35,-4.3,-9.8,-0.6,0.5,-4.8,-2.6,0.029,-0.043,0.021
Miami (FL),Iowa State,2022,2022-03-25,1,0.072,-1.16,-0.18,8.3,-1.8,-0.6,0.4,0.1,-4.3,0.048,-0.021,0.024
Miami (FL),Kansas,2022,2022-03-27,0,-0.127,-11.06,0.14,-4.3,-7.3,-1.2,2.6,-1.1,-2.6,-0.004,0.024,-0.022
Michigan,Colorado State,2022,2022-03-17,1,-0.285,2.75,-0.36,-0.8,4.0,-0.2,-1.7,0.2,1.5,-0.030,-0.074,-0.018
Michigan,Tennessee,2022,2022-03-19,1,-0.239,-6.20,0.04,-0.9,-1.2,-2.4,-4.6,-1.0,-0.7,0.017,-0.081,-0.021
Michigan,Villanova,2022,2022-03-24,0,-0.239,-5.05,-0.72,0.9,0.9,2.2,-1.3,1.1,1.7,-0.007,-0.142,-0.020
Michigan State,Davidson,2022,2022-03-18,1,-0.171,2.75,-0.07,-3.2,2.8,1.1,1.1,2.4,3.0,-0.038,-0.075,-0.009
Michigan State,Duke,2022,2022-03-20,0,-0.176,-6.37,0.23,-7.8,-1.0,-0.8,-0.7,-0.6,2.5,-0.030,-0.020,0.012
Montana State,Texas Tech,2022,2022-03-18,0,0.059,-20.34,-0.75,4.4,-1.3,-0.5,-2.8,0.2,-0.6,0.024,0.032,0.047
Murray State,San Francisco,2022,2022-03-17,1,0.210,-4.25,-0.28,1.7,1.2,1.7,0.1,-1.4,-1.4,0.007,-0.076,0.001
Murray State,Saint Peter's,2022,2022-03-19,0,0.304,6.91,-0.08,12.1,3.3,2.4,0.7,-1.8,-2.0,0.048,0.074,0.001
New Mexico State,Connecticut,2022,2022-03-17,1,0.094,-9.29,0.20,-2.3,-2.2,-0.3,-0.9,-2.3,2.3,0.021,0.080,-0.022
New Mexico State,Arkansas,2022,2022-03-19,0,0.055,-9.16,-0.07,-3.4,0.4,-0.1,-2.6,0.0,1.9,0.022,0.083,0.026
Norfolk State,Baylor,2022,2022-03-17,0,-0.013,-25.64,0.43,-2.7,1.3,-3.4,-2.1,0.2,1.6,0.004,-0.027,0.000
North Carolina,Marquette,2022,2022-03-17,1,0.106,4.14,0.75,3.9,6.5,-1.1,-2.6,-1.3,-0.7,0.002,-0.038,0.014
North Carolina,Baylor,2022,2022-03-19,1,-0.094,-6.23,0.04,0.9,4.1,-1.0,-3.6,0.5,-0.7,-0.001,-0.003,0.015
North Carolina,UCLA,2022,2022-03-25,1,-0.063,-3.80,-0.61,2.5,4.7,1.0,-1.8,0.6,2.8,0.013,0.068,0.005
North Carolina,Saint Peter's,2022,2022-03-27,1,0.085,12.54,-0.20,10.9,5.5,2.6,-1.9,-1.1,-1.7,0.032,0.078,0.008
North Carolina,Duke,2022,2022-04-02,1,-0.105,-4.05,0.05,-2.2,3.4,-1.6,-1.2,-1.7,1.4,-0.033,0.023,-0.008
North Carolina,Kansas,2022,2022-04-04,0,-0.105,-6.78,-0.39,-0.3,3.4,-0.4,-1.1,-0.4,-0.4,-0.016,0.049,-0.003
Notre Dame,Alabama,2022,2022-03-18,1,0.103,-2.75,0.39,-6.9,-5.6,-0.7,-1.9,-2.8,-4.1,0.023,-0.054,0.072
Notre Dame,Texas Tech,2022,2022-03-20,0,-0.038,-8.21,-0.24,0.5,-2.4,0.3,-2.8,-1.6,-3.1,0.014,0.081,0.060
Ohio State,Loyola (IL),2022,2022-03-18,1,-0.148,0.78,0.00,0.0,0.7,-2.4,-2.4,2.4,-1.0,-0.005,-0.035,-0.014
Ohio State,Villanova,2022,2022-03-20,0,-0.155,-5.14,0.08,1.1,-0.2,0.6,-1.5,2.6,1.3,0.018,-0.068,0.006
Providence,South Dakota State,2022,2022-03-17,1,-0.049,6.48,0.25,-14.4,2.1,-1.9,-1.1,1.2,0.4,-0.088,0.026,-0.101
Providence,Richmond,2022,2022-03-19,1,0.176,6.01,-0.25,0.5,5.3,-1.3,-2.6,1.3,1.6,-0.001,-0.037,0.015
Providence,Kansas,2022,2022-03-25,0,0.010,-9.20,0.14,-6.7,-0.3,-2.1,-1.3,-0.6,-0.7,-0.026,0.049,-0.017
Purdue,Yale,2022,2022-03-18,1,0.161,19.25,0.33,7.6,2.8,4.2,-1.6,0.3,-1.0,0.059,0.033,0.056
Purdue,Texas,2022,2022-03-20,1,0.138,2.14,-0.74,10.6,5.4,3.0,-3.1,0.1,0.2,0.057,0.032,0.054
Purdue,Saint Peter's,2022,2022-03-25,0,0.161,16.19,-0.02,12.4,2.9,3.9,-2.5,-1.5,-1.6,0.076,0.090,0.034
Richmond,Iowa,2022,2022-03-17,1,-0.086,-11.83,0.82,-12.2,-5.0,-1.5,0.3,-1.9,0.6,-0.022,0.025,-0.034
Richmond,Providence,2022,2022-03-19,0,-0.176,-6.01,0.25,-0.5,-5.3,1.3,2.6,-1.3,-1.6,0.001,0.037,-0.015
Saint Mary's (CA),Indiana,2022,2022-03-17,1,0.164,2.11,-0.09,-1.1,-2.4,-1.1,1.3,-2.3,-0.6,0.017,0.053,0.020
Saint Mary's (CA),UCLA,2022,2022-03-19,0,0.000,-4.48,-0.38,-5.7,-2.9,-0.4,-0.1,-0.8,2.3,0.016,0.051,0.000
Saint Peter's,Kentucky,2022,2022-03-17,1,-0.155,-17.94,0.17,-12.4,-4.3,-3.8,0.3,0.8,1.8,-0.039,0.023,0.003
Saint Peter's,Murray State,2022,2022-03-19,1,-0.304,-6.91,0.08,-12.1,-3.3,-2.4,-0.7,1.8,2.0,-0.048,-0.074,-0.001
Saint Peter's,Purdue,2022,2022-03-25,1,-0.161,-16.19,0.02,-12.4,-2.9,-3.9,2.5,1.5,1.6,-0.076,-0.090,-0.034
Saint Peter's,North Carolina,2022,2022-03-27,0,-0.085,-12.54,0.20,-10.9,-5.5,-2.6,1.9,1.1,1.7,-0.032,-0.078,-0.008
San Diego State,Creighton,2022,2022-03-17,0,0.075,1.79,0.99,-3.8,-3.1,-1.4,2.0,0.5,-1.3,-0.018,-0.074,0.046
San Francisco,Murray State,2022,2022-03-17,0,-0.210,4.25,0.28,-1.7,-1.2,-1.7,-0.1,1.4,1.4,-0.007,0.076,-0.001
Seton Hall,Texas Christian,2022,2022-03-18,0,0.052,-0.97,0.21,3.4,-0.5,-3.3,0.7,1.3,-2.4,0.003,0.042,0.036
South Dakota State,Providence,2022,2022-03-17,0,0.049,-6.48,-0.25,14.4,-2.1,1.9,1.1,-1.2,-0.4,0.088,-0.026,0.101
Southern California,Miami (FL),2022,2022-03-18,0,0.091,1.28,-0.25,-1.5,9.5,0.2,-3.9,1.2,2.7,-0.027,-0.034,0.018
Tennessee,Longwood,2022,2022-03-17,1,-0.025,20.81,-0.15,-2.2,0.0,2.4,1.5,1.9,0.2,-0.020,0.033,-0.018
Tennessee,Michigan,2022,2022-03-19,0,0.239,6.20,-0.04,0.9,1.2,2.4,4.6,1.0,0.7,-0.017,0.081,0.021
Texas,Virginia Tech,2022,2022-03-18,1,-0.001,2.53,1.00,-2.0,1.3,-1.1,2.4,0.2,0.7,-0.037,-0.051,-0.062
Texas,Purdue,2022,2022-03-20,0,-0.138,-2.14,0.74,-10.6,-5.4,-3.0,3.1,-0.1,-0.2,-0.057,-0.032,-0.054
Texas Christian,Seton Hall,2022,2022-03-18,1,-0.052,0.97,-0.21,-3.4,0.5,3.3,-0.7,-1.3,2.4,-0.003,-0.042,-0.036
Texas Christian,Arizona,2022,2022-03-20,0,-0.287,-9.03,0.36,-15.5,-2.4,-6.0,-0.3,-1.6,1.1,-0.072,-0.042,-0.050
Texas Southern,Kansas,2022,2022-03-17,0,-0.211,-25.58,0.73,-9.2,1.5,-4.6,-0.7,0.9,2.8,-0.053,-0.022,-0.047
Texas Tech,Montana State,2022,2022-03-18,1,-0.059,20.34,0.75,-4.4,1.3,0.5,2.8,-0.2,0.6,-0.024,-0.032,-0.047
Texas Tech,Notre Dame,2022,2022-03-20,1,0.038,8.21,0.24,-0.5,2.4,-0.3,2.8,1.6,3.1,-0.014,-0.081,-0.060
Texas Tech,Duke,2022,2022-03-24,0,-0.088,0.53,0.74,-8.0,-1.5,-2.8,1.6,-2.1,3.2,-0.026,-0.017,-0.045
UCLA,Akron,2022,2022-03-17,1,0.054,18.39,0.91,4.8,1.7,2.3,1.1,0.1,-2.5,-0.026,-0.103,-0.001
UCLA,Saint Mary's (CA),2022,2022-03-19,1,0.000,4.48,0.38,5.7,2.9,0.4,0.1,0.8,-2.3,-0.016,-0.051,0.000
UCLA,North Carolina,2022,2022-03-25,0,0.063,3.80,0.61,-2.5,-4.7,-1.0,1.8,-0.6,-2.8,-0.013,-0.068,-0.005
Vermont,Arkansas,2022,2022-03-17,0,0.091,-8.46,0.47,-1.1,-2.8,1.3,-2.5,-1.6,-2.6,0.061,0.088,0.061
Villanova,Delaware,2022,2022-03-18,1,0.141,18.99,0.21,-1.7,2.3,-0.7,-0.7,-1.5,-2.7,-0.011,0.075,0.012
Villanova,Ohio State,2022,2022-03-20,1,0.155,5.14,-0.08,-1.1,0.2,-0.6,1.5,-2.6,-1.3,-0.018,0.068,-0.006
Villanova,Michigan,2022,2022-03-24,1,0.239,5.05,0.72,-0.9,-0.9,-2.2,1.3,-1.1,-1.7,0.007,0.142,0.020
Villanova,Houston,2022,2022-03-26,1,-0.065,-3.24,0.46,-3.1,-4.2,-4.3,-2.0,-3.0,-1.2,0.009,0.075,0.021
Villanova,Kansas,2022,2022-04-02,0,-0.036,-2.97,0.22,-6.5,-3.1,-3.4,-0.3,-2.1,-2.2,-0.007,0.132,-0.002
Virginia Tech,Texas,2022,2022-03-18,0,0.001,-2.53,-1.00,2.0,-1.3,1.1,-2.4,-0.2,-0.7,0.037,0.051,0.062
Wisconsin,Colgate,2022,2022-03-18,1,0.098,12.15,-1.01,-5.7,-1.2,-6.0,-0.8,-0.7,-2.6,-0.061,-0.061,-0.098
Wisconsin,Iowa State,2022,2022-03-20,0,0.149,0.75,-0.92,4.3,2.6,-3.6,-3.2,-0.2,-5.1,0.002,-0.016,-0.009
Wright State,Arizona,2022,2022-03-18,0,-0.283,-24.69,0.55,-8.2,-6.5,-5.5,-0.8,-2.7,-1.2,-0.034,-0.032,-0.019
Yale,Purdue,2022,2022-03-18,0,-0.161,-19.25,-0.33,-7.6,-2.8,-4.2,1.6,-0.3,1.0,-0.059,-0.033,-0.056
Abilene Christian,Texas,2021,2021-03-20,1,0.121,-9.24,-0.60,1.3,-2.3,4.5,3.2,-1.1,-1.0,-0.020,-0.053,-0.012
Abilene Christian,UCLA,2021,2021-03-22,0,0.185,-10.03,0.11,2.3,1.2,4.0,4.8,0.2,3.1,-0.010,0.052,-0.028
Alabama,Iona,2021,2021-03-20,1,0.094,20.78,0.38,8.4,3.9,0.5,1.7,0.1,-1.7,-0.003,0.088,0.006
Alabama,Maryland,2021,2021-03-22,1,0.248,5.64,0.23,10.8,8.0,0.7,3.5,1.0,2.8,-0.020,0.034,-0.005
Alabama,UCLA,2021,2021-03-28,0,0.133,3.28,0.21,6.3,5.8,0.4,3.6,1.5,3.4,-0.006,0.150,-0.020
Arkansas,Colgate,2021,2021-03-19,1,-0.148,4.14,-0.04,-3.8,-0.2,-3.0,0.7,1.5,2.1,-0.047,-0.026,-0.071
Arkansas,Texas Tech,2021,2021-03-21,1,0.156,1.21,0.53,8.9,4.7,1.6,0.7,0.9,2.1,0.011,0.027,-0.022
Arkansas,Oral Roberts,2021,2021-03-27,1,0.170,16.07,0.24,0.3,5.0,1.8,1.2,1.1,1.5,-0.032,-0.133,-0.048
Arkansas,Baylor,2021,2021-03-29,0,-0.131,-7.03,0.06,-1.5,3.7,-2.3,-1.1,1.2,1.4,-0.040,-0.045,-0.081
Baylor,Hartford,2021,2021-03-19,1,0.264,28.28,0.27,17.5,2.7,5.9,2.0,1.4,-1.6,0.056,-0.041,0.090
Baylor,Wisconsin,2021,2021-03-21,1,0.330,7.61,0.04,13.0,2.4,3.5,3.3,-0.3,2.5,0.053,-0.025,0.049
Baylor,Villanova,2021,2021-03-27,1,0.189,7.36,-0.06,8.1,2.1,1.9,3.8,1.8,2.4,0.019,-0.065,0.060
Baylor,Arkansas,2021,2021-03-29,1,0.131,7.03,-0.06,1.5,-3.7,2.3,1.1,-1.2,-1.4,0.040,0.045,0.081
Baylor,Houston,2021,2021-04-03,1,0.028,3.17,0.14,6.8,-4.5,3.0,0.9,-1.0,0.8,0.042,-0.036,0.059
Baylor,Gonzaga,2021,2021-04-05,1,-0.083,-2.37,0.25,-8.1,-1.2,-1.9,1.0,0.9,-0.5,-0.050,0.051,0.045
Brigham Young,UCLA,2021,2021-03-20,0,0.103,-1.11,0.46,4.7,4.3,2.4,-0.3,0.0,2.7,0.029,0.077,0.001
California Santa Barbara,Creighton,2021,2021-03-20,0,0.132,-8.48,0.18,0.0,-0.5,0.6,0.4,-0.5,-0.1,0.014,-0.096,-0.014
Clemson,Rutgers,2021,2021-03-19,0,0.119,-1.65,0.10,-4.4,-2.7,-0.4,-1.5,-2.2,1.1,0.010,0.100,0.033
Cleveland State,Houston,2021,2021-03-19,0,-0.158,-26.78,0.16,-5.2,-5.9,-0.2,-1.0,-2.1,2.2,-0.010,-0.076,-0.033
Colgate,Arkansas,2021,2021-03-19,0,0.148,-4.14,0.04,3.8,0.2,3.0,-0.7,-1.5,-2.1,0.047,0.026,0.071
Colorado,Georgetown,2021,2021-03-20,1,0.213,8.75,0.25,1.7,-5.0,0.8,-0.7,-1.1,-3.8,0.033,-0.025,0.007
Colorado,Florida State,2021,2021-03-22,0,0.006,1.76,-0.44,-4.1,-1.9,-0.9,-2.1,-2.3,-3.0,-0.008,0.016,-0.004
Connecticut,Maryland,2021,2021-03-20,0,0.130,1.83,0.02,2.8,5.5,-0.5,1.2,2.0,0.6,-0.043,-0.098,-0.022
Creighton,California Santa Barbara,2021,2021-03-20,1,-0.132,8.48,-0.18,0.0,0.5,-0.6,-0.4,0.5,0.1,-0.014,0.096,0.014
Creighton,Ohio,2021,2021-03-22,1,0.019,10.80,0.40,-3.2,0.4,-1.9,0.6,1.2,-1.0,-0.008,0.046,0.009
Creighton,Gonzaga,2021,2021-03-28,0,-0.286,-10.92,0.25,-15.0,-1.5,-3.2,-0.9,0.5,-1.0,-0.072,0.104,-0.007
Drake,Southern California,2021,2021-03-20,0,0.108,-11.08,0.23,1.0,-2.7,-0.3,2.2,-2.1,-2.1,0.011,0.007,0.007
Drexel,Illinois,2021,2021-03-19,0,-0.162,-24.22,0.46,-10.1,-6.1,-1.4,-1.1,-0.4,-0.2,-0.016,0.058,-0.002
Eastern Washington,Kansas,2021,2021-03-20,0,-0.019,-11.26,0.21,5.3,-2.2,1.4,-2.1,-1.1,-0.5,0.047,0.036,0.013
Florida,Virginia Tech,2021,2021-03-19,1,-0.106,1.11,-0.20,2.2,0.8,-2.5,2.4,1.3,3.4,0.017,-0.072,0.002
Florida,Oral Roberts,2021,2021-03-21,0,-0.007,11.97,-0.22,-6.9,0.6,-1.1,0.6,1.4,3.6,-0.008,-0.134,-0.024
Florida State,North Carolina Greensboro,2021,2021-03-20,1,0.003,13.64,0.50,4.2,-2.4,2.2,-0.2,1.3,3.4,0.071,-0.041,0.077
Florida State,Colorado,2021,2021-03-22,1,-0.006,-1.76,0.44,4.1,1.9,0.9,2.1,2.3,3.0,0.008,-0.016,0.004
Florida State,Michigan,2021,2021-03-28,0,-0.106,-4.88,0.06,1.4,-0.8,-1.3,3.0,0.9,3.1,-0.007,0.011,-0.005
Georgetown,Colorado,2021,2021-03-20,0,-0.213,-8.75,-0.25,-1.7,5.0,-0.8,0.7,1.1,3.8,-0.033,0.025,-0.007
Georgia Tech,Loyola (IL),2021,2021-03-19,0,-0.177,-2.33,-0.11,3.9,-2.2,0.0,2.2,1.1,-0.5,-0.025,-0.010,-0.017
Gonzaga,Norfolk State,2021,2021-03-20,1,0.292,33.36,-0.50,17.4,0.9,6.7,1.4,-0.4,-0.9,0.104,-0.025,0.001
Gonzaga,Oklahoma,2021,2021-03-22,1,0.400,13.68,-0.21,16.5,1.5,5.5,0.8,-0.8,1.0,0.094,-0.049,0.027
Gonzaga,Creighton,2021,2021-03-28,1,0.286,10.92,-0.25,15.0,1.5,3.2,0.9,-0.5,1.0,0.072,-0.104,0.007
Gonzaga,Southern California,2021,2021-03-30,1,0.241,6.70,-0.13,16.1,-1.6,4.9,3.1,-2.3,-0.4,0.084,0.022,0.008
Gonzaga,UCLA,2021,2021-04-03,1,0.333,10.90,0.00,17.6,2.3,5.1,3.0,0.0,1.5,0.085,0.017,-0.004
Gonzaga,Baylor,2021,2021-04-05,0,0.083,2.37,-0.25,8.1,1.2,1.9,-1.0,-0.9,0.5,0.050,-0.051,-0.045
Grand Canyon,Iowa,2021,2021-03-20,0,0.015,-16.29,0.35,-8.2,0.2,-2.9,-0.8,-1.5,3.3,-0.005,-0.039,-0.057
Hartford,Baylor,2021,2021-03-19,0,-0.264,-28.28,-0.27,-17.5,-2.7,-5.9,-2.0,-1.4,1.6,-0.056,0.041,-0.090
Houston,Cleveland State,2021,2021-03-19,1,0.158,26.78,-0.16,5.2,5.9,0.2,1.0,2.1,-2.2,0.010,0.076,0.033
Houston,Rutgers,2021,2021-03-21,1,0.312,7.52,-0.04,6.8,5.2,0.2,0.4,-0.4,-0.8,0.023,0.085,0.042
Houston,Syracuse,2021,2021-03-27,1,0.249,8.39,0.15,1.3,5.1,-1.1,-0.1,-0.3,-0.6,-0.007,0.016,0.004
Houston,Oregon State,2021,2021-03-29,1,0.303,10.18,-0.24,5.6,6.2,-0.6,2.2,1.2,-0.9,0.000,0.070,-0.003
Houston,Baylor,2021,2021-04-03,0,-0.028,-3.17,-0.14,-6.8,4.5,-3.0,-0.9,1.0,-0.8,-0.042,0.036,-0.059
Illinois,Drexel,2021,2021-03-19,1,0.162,24.22,-0.46,10.1,6.1,1.4,1.1,0.4,0.2,0.016,-0.058,0.002
Illinois,Loyola (IL),2021,2021-03-21,0,-0.064,8.13,-0.50,9.5,7.5,0.5,-1.2,0.4,1.3,-0.010,-0.076,0.008
Iona,Alabama,2021,2021-03-20,0,-0.094,-20.78,-0.38,-8.4,-3.9,-0.5,-1.7,-0.1,1.7,0.003,-0.088,-0.006
Iowa,Grand Canyon,2021,2021-03-20,1,-0.015,16.29,-0.35,8.2,-0.2,2.9,0.8,1.5,-3.3,0.005,0.039,0.057
Iowa,Oregon,2021,2021-03-22,0,-0.036,5.25,-0.42,11.4,7.8,5.8,-1.6,0.9,-1.5,0.011,0.023,0.009
Kansas,Eastern Washington,2021,2021-03-20,1,0.019,11.26,-0.21,-5.3,2.2,-1.4,2.1,1.1,0.5,-0.047,-0.036,-0.013
Kansas,Southern California,2021,2021-03-22,0,-0.044,-5.21,-0.13,-1.9,-1.3,-0.1,2.1,-1.1,-0.4,-0.021,0.057,-0.018
Liberty,Oklahoma State,2021,2021-03-19,0,0.107,-9.59,0.28,-2.2,-4.8,3.0,-2.8,-2.0,-5.6,0.055,0.152,0.058
Louisiana State,St. Bonaventure,2021,2021-03-20,1,-0.133,2.26,-0.75,11.8,1.5,-2.5,1.9,-1.1,0.6,0.031,0.050,0.003
Louisiana State,Michigan,2021,2021-03-22,0,-0.167,-6.30,-0.87,6.0,0.9,-3.7,3.5,-1.3,0.0,-0.020,0.031,-0.034
Loyola (IL),Georgia Tech,2021,2021-03-19,1,0.177,2.33,0.11,-3.9,2.2,0.0,-2.2,-1.1,0.5,0.025,0.010,0.017
Loyola (IL),Illinois,2021,2021-03-21,1,0.064,-8.13,0.50,-9.5,-7.5,-0.5,1.2,-0.4,-1.3,0.010,0.076,-0.008
Loyola (IL),Oregon State,2021,2021-03-27,0,0.271,3.64,0.17,0.5,-1.8,1.3,1.1,-1.1,0.1,0.050,0.025,0.008
Maryland,Connecticut,2021,2021-03-20,1,-0.130,-1.83,-0.02,-2.8,-5.5,0.5,-1.2,-2.0,-0.6,0.043,0.098,0.022
Maryland,Alabama,2021,2021-03-22,0,-0.248,-5.64,-0.23,-10.8,-8.0,-0.7,-3.5,-1.0,-2.8,0.020,-0.034,0.005
Michigan,Texas Southern,2021,2021-03-20,1,0.153,28.15,-0.39,1.9,-3.4,3.7,-2.7,-0.2,-4.0,0.060,0.067,0.105
Michigan,Louisiana State,2021,2021-03-22,1,0.167,6.30,0.87,-6.0,-0.9,3.7,-3.5,1.3,0.0,0.020,-0.031,0.034
Michigan,Florida State,2021,2021-03-28,1,0.106,4.88,-0.06,-1.4,0.8,1.3,-3.0,-0.9,-3.1,0.007,-0.011,0.005
Michigan,UCLA,2021,2021-03-30,0,0.167,5.70,0.66,2.4,2.6,2.1,-0.6,1.4,0.8,0.030,0.022,0.009
Missouri,Oklahoma,2021,2021-03-20,0,0.040,-1.15,0.59,-1.1,0.0,0.0,-0.4,-0.1,2.3,0.002,-0.002,-0.016
Morehead State,West Virginia,2021,2021-03-19,0,0.100,-16.31,0.27,-8.5,-0.5,-1.2,-3.2,2.2,3.4,0.023,0.021,-0.010
Norfolk State,Gonzaga,2021,2021-03-20,0,-0.292,-33.36,0.50,-17.4,-0.9,-6.7,-1.4,0.4,0.9,-0.104,0.025,-0.001
North Carolina,Wisconsin,2021,2021-03-19,0,0.057,-2.43,-0.21,5.3,9.2,1.9,1.4,0.7,5.6,-0.019,-0.129,-0.046
North Carolina Greensboro,Florida State,2021,2021-03-20,0,-0.003,-13.64,-0.50,-4.2,2.4,-2.2,0.2,-1.3,-3.4,-0.071,0.041,-0.077
North Texas,Purdue,2021,2021-03-19,1,-0.013,-7.97,0.78,-1.2,-4.5,-1.0,1.4,-0.6,0.4,0.030,0.000,0.042
North Texas,Villanova,2021,2021-03-21,0,-0.073,-9.89,0.04,-5.0,-0.8,-1.7,1.4,1.0,3.8,0.005,-0.071,0.022
Ohio,Virginia,2021,2021-03-20,1,-0.054,-9.79,-0.34,11.0,3.7,3.7,1.5,-2.3,2.8,-0.011,-0.037,-0.023
Ohio,Creighton,2021,2021-03-22,0,-0.019,-10.80,-0.40,3.2,-0.4,1.9,-0.6,-1.2,1.0,0.008,-0.046,-0.009
Ohio State,Oral Roberts,2021,2021-03-19,0,0.085,16.52,0.50,-3.9,1.9,0.3,-2.1,-0.3,-0.8,-0.006,-0.079,-0.020
Oklahoma,Missouri,2021,2021-03-20,1,-0.040,1.15,-0.59,1.1,0.0,0.0,0.4,0.1,-2.3,-0.002,0.002,0.016
Oklahoma,Gonzaga,2021,2021-03-22,0,-0.400,-13.68,0.21,-16.5,-1.5,-5.5,-0.8,0.8,-1.0,-0.094,0.049,-0.027
Oklahoma State,Liberty,2021,2021-03-19,1,-0.107,9.59,-0.28,2.2,4.8,-3.0,2.8,2.0,5.6,-0.055,-0.152,-0.058
Oklahoma State,Oregon State,2021,2021-03-21,0,0.128,2.17,-0.49,6.1,4.0,-1.7,1.7,0.9,4.0,0.007,-0.027,-0.025
Oral Roberts,Ohio State,2021,2021-03-19,1,-0.085,-16.52,-0.50,3.9,-1.9,-0.3,2.1,0.3,0.8,0.006,0.079,0.020
Oral Roberts,Florida,2021,2021-03-21,1,0.007,-11.97,0.22,6.9,-0.6,1.1,-0.6,-1.4,-3.6,0.008,0.134,0.024
Oral Roberts,Arkansas,2021,2021-03-27,0,-0.170,-16.07,-0.24,-0.3,-5.0,-1.8,-1.2,-1.1,-1.5,0.032,0.133,0.048
Oregon,Iowa,2021,2021-03-22,1,0.036,-5.25,0.42,-11.4,-7.8,-5.8,1.6,-0.9,1.5,-0.011,-0.023,-0.009
Oregon,Southern California,2021,2021-03-28,0,0.001,-4.35,0.32,-2.6,-6.9,-0.5,2.4,-1.5,-1.4,0.013,0.066,0.017
Oregon State,Tennessee,2021,2021-03-19,1,-0.106,-5.39,0.29,-1.4,-1.6,-0.4,-1.5,-1.3,-0.9,0.005,0.004,0.026
Oregon State,Oklahoma State,2021,2021-03-21,1,-0.128,-2.17,0.49,-6.1,-4.0,1.7,-1.7,-0.9,-4.0,-0.007,0.027,0.025
Oregon State,Loyola (IL),2021,2021-03-27,1,-0.271,-3.64,-0.17,-0.5,1.8,-1.3,-1.1,1.1,-0.1,-0.050,-0.025,-0.008
Oregon State,Houston,2021,2021-03-29,0,-0.303,-10.18,0.24,-5.6,-6.2,0.6,-2.2,-1.2,0.9,0.000,-0.070,0.003
Purdue,North Texas,2021,2021-03-19,0,0.013,7.97,-0.78,1.2,4.5,1.0,-1.4,0.6,-0.4,-0.030,0.000,-0.042
Rutgers,Clemson,2021,2021-03-19,1,-0.119,1.65,-0.10,4.4,2.7,0.4,1.5,2.2,-1.1,-0.010,-0.100,-0.033
Rutgers,Houston,2021,2021-03-21,0,-0.312,-7.52,0.04,-6.8,-5.2,-0.2,-0.4,0.4,0.8,-0.023,-0.085,-0.042
San Diego State,Syracuse,2021,2021-03-19,0,0.212,1.09,0.19,-1.2,0.4,-1.1,0.1,-2.2,-0.2,0.008,0.005,0.019
Southern California,Drake,2021,2021-03-20,1,-0.108,11.08,-0.23,-1.0,2.7,0.3,-2.2,2.1,2.1,-0.011,-0.007,-0.007
Southern California,Kansas,2021,2021-03-22,1,0.044,5.21,0.13,1.9,1.3,0.1,-2.1,1.1,0.4,0.021,-0.057,0.018
Southern California,Oregon,2021,2021-03-28,1,-0.001,4.35,-0.32,2.6,6.9,0.5,-2.4,1.5,1.4,-0.013,-0.066,-0.017
Southern California,Gonzaga,2021,2021-03-30,0,-0.241,-6.70,0.13,-16.1,1.6,-4.9,-3.1,2.3,0.4,-0.084,-0.022,-0.008
St. Bonaventure,Louisiana State,2021,2021-03-20,0,0.133,-2.26,0.75,-11.8,-1.5,2.5,-1.9,1.1,-0.6,-0.031,-0.050,-0.003
Syracuse,San Diego State,2021,2021-03-19,1,-0.212,-1.09,-0.19,1.2,-0.4,1.1,-0.1,2.2,0.2,-0.008,-0.005,-0.019
Syracuse,West Virginia,2021,2021-03-21,1,-0.027,-2.09,-0.02,-2.5,-2.4,1.0,0.5,2.2,-0.7,0.018,0.073,-0.014
Syracuse,Houston,2021,2021-03-27,0,-0.249,-8.39,-0.15,-1.3,-5.1,1.1,0.1,0.3,0.6,0.007,-0.016,-0.004
Tennessee,Oregon State,2021,2021-03-19,0,0.106,5.39,-0.29,1.4,1.6,0.4,1.5,1.3,0.9,-0.005,-0.004,-0.026
Texas,Abilene Christian,2021,2021-03-20,0,-0.121,9.24,0.60,-1.3,2.3,-4.5,-3.2,1.1,1.0,0.020,0.053,0.012
Texas Southern,Michigan,2021,2021-03-20,0,-0.153,-28.15,0.39,-1.9,3.4,-3.7,2.7,0.2,4.0,-0.060,-0.067,-0.105
Texas Tech,Utah State,2021,2021-03-19,1,-0.085,5.60,0.07,-0.1,-5.7,-3.2,0.4,-1.0,-3.1,0.001,-0.010,0.022
Texas Tech,Arkansas,2021,2021-03-21,0,-0.156,-1.21,-0.53,-8.9,-4.7,-1.6,-0.7,-0.9,-2.1,-0.011,-0.027,0.022
UCLA,Brigham Young,2021,2021-03-20,1,-0.103,1.11,-0.46,-4.7,-4.3,-2.4,0.3,0.0,-2.7,-0.029,-0.077,-0.001
UCLA,Abilene Christian,2021,2021-03-22,1,-0.185,10.03,-0.11,-2.3,-1.2,-4.0,-4.8,-0.2,-3.1,0.010,-0.052,0.028
UCLA,Alabama,2021,2021-03-28,1,-0.133,-3.28,-0.21,-6.3,-5.8,-0.4,-3.6,-1.5,-3.4,0.006,-0.150,0.020
UCLA,Michigan,2021,2021-03-30,1,-0.167,-5.70,-0.66,-2.4,-2.6,-2.1,0.6,-1.4,-0.8,-0.030,-0.022,-0.009
UCLA,Gonzaga,2021,2021-04-03,0,-0.333,-10.90,0.00,-17.6,-2.3,-5.1,-3.0,0.0,-1.5,-0.085,-0.017,0.004
Utah State,Texas Tech,2021,2021-03-19,0,0.085,-5.60,-0.07,0.1,5.7,3.2,-0.4,1.0,3.1,-0.001,0.010,-0.022
Villanova,Winthrop,2021,2021-03-19,1,-0.231,12.78,-0.20,-4.1,-6.2,0.0,-2.3,-0.4,-4.9,0.010,0.055,0.001
Villanova,North Texas,2021,2021-03-21,1,0.073,9.89,-0.04,5.0,0.8,1.7,-1.4,-1.0,-3.8,-0.005,0.071,-0.022
Villanova,Baylor,2021,2021-03-27,0,-0.189,-7.36,0.06,-8.1,-2.1,-1.9,-3.8,-1.8,-2.4,-0.019,0.065,-0.060
Virginia,Ohio,2021,2021-03-20,0,0.054,9.79,0.34,-11.0,-3.7,-3.7,-1.5,2.3,-2.8,0.011,0.037,0.023
Virginia Tech,Florida,2021,2021-03-19,0,0.106,-1.11,0.20,-2.2,-0.8,2.5,-2.4,-1.3,-3.4,-0.017,0.072,-0.002
West Virginia,Morehead State,2021,2021-03-19,1,-0.100,16.31,-0.27,8.5,0.5,1.2,3.2,-2.2,-3.4,-0.023,-0.021,0.010
West Virginia,Syracuse,2021,2021-03-21,0,0.027,2.09,0.02,2.5,2.4,-1.0,-0.5,-2.2,0.7,-0.018,-0.073,0.014
Winthrop,Villanova,2021,2021-03-19,0,0.231,-12.78,0.20,4.1,6.2,0.0,2.3,0.4,4.9,-0.010,-0.055,-0.001
Wisconsin,North Carolina,2021,2021-03-19,1,-0.057,2.43,0.21,-5.3,-9.2,-1.9,-1.4,-0.7,-5.6,0.019,0.129,0.046
Wisconsin,Baylor,2021,2021-03-21,0,-0.330,-7.61,-0.04,-13.0,-2.4,-3.5,-3.3,0.3,-2.5,-0.053,0.025,-0.049
Abilene Christian,Kentucky,2019,2019-03-21,0,0.000,-23.34,0.68,-2.2,-6.0,1.9,2.8,-2.1,-0.6,-0.007,0.049,0.026
Arizona State,Buffalo,2019,2019-03-22,0,-0.215,-5.28,-0.50,-6.8,-1.1,-3.1,-1.0,-0.7,1.7,-0.017,-0.082,-0.001
Auburn,New Mexico State,2019,2019-03-21,1,-0.139,10.79,0.09,1.6,-4.2,-0.4,3.6,2.2,-0.3,0.007,0.027,0.043
Auburn,Kansas,2019,2019-03-23,1,0.008,2.49,0.75,4.0,-4.0,1.0,2.4,0.9,-1.4,0.014,0.145,0.027
Auburn,North Carolina,2019,2019-03-29,1,-0.075,-3.10,0.39,-6.1,-9.9,-4.5,2.2,1.5,-1.4,0.008,0.136,0.015
Auburn,Kentucky,2019,2019-03-31,1,-0.075,-0.59,1.01,3.9,-4.4,0.8,3.3,0.0,-0.9,-0.003,0.197,0.023
Auburn,Virginia,2019,2019-04-06,0,-0.163,-4.62,0.68,8.3,-0.7,0.0,3.6,0.9,2.7,-0.011,0.098,-0.018
Baylor,Syracuse,2019,2019-03-21,1,-0.012,-0.35,-0.08,2.1,3.2,1.9,-2.1,-0.1,0.7,0.009,-0.023,0.008
Baylor,Gonzaga,2019,2019-03-23,0,-0.315,-14.41,-0.08,-15.8,-1.3,-4.2,-1.4,-0.8,2.5,-0.083,0.055,-0.022
Belmont,Maryland,2019,2019-03-21,0,0.156,-6.89,-0.14,15.5,-0.7,6.4,2.3,-1.0,-1.5,0.052,0.069,0.023
Bradley,Michigan State,2019,2019-03-21,0,-0.235,-25.01,0.64,-11.1,-6.4,-6.2,0.1,-1.5,0.0,-0.054,-0.028,-0.010
Buffalo,Arizona State,2019,2019-03-22,1,0.215,5.28,0.50,6.8,1.1,3.1,1.0,0.7,-1.7,0.017,0.082,0.001
Buffalo,Texas Tech,2019,2019-03-24,0,0.105,-7.23,0.39,11.6,6.7,3.0,0.0,-1.0,0.0,-0.006,0.076,-0.028
California Irvine,Kansas State,2019,2019-03-22,1,0.100,-9.69,0.20,6.5,6.4,-0.7,-1.8,1.9,0.6,0.022,-0.060,0.025
California Irvine,Oregon,2019,2019-03-24,0,0.200,-8.25,0.92,2.3,5.4,-0.3,-1.9,-0.2,0.3,-0.007,-0.072,0.008
Central Florida,Virginia Commonwealth,2019,2019-03-22,1,-0.039,1.41,0.26,1.3,0.2,-0.3,-2.3,0.0,-2.0,0.024,-0.057,0.060
Central Florida,Duke,2019,2019-03-24,0,-0.111,-13.53,0.48,-10.4,-4.4,-2.6,-3.4,-2.3,-0.9,-0.003,-0.018,0.057
Cincinnati,Iowa,2019,2019-03-22,0,0.157,0.26,0.18,-6.6,0.5,-2.2,0.1,1.2,-1.8,-0.043,-0.056,-0.019
Colgate,Tennessee,2019,2019-03-22,0,-0.147,-20.32,-0.15,-6.3,-2.2,-2.3,0.1,-1.9,1.9,-0.002,0.089,0.026
Duke,North Dakota State,2019,2019-03-22,1,0.294,30.91,0.13,9.7,9.6,4.4,4.5,4.3,2.3,-0.015,-0.099,-0.057
Duke,Central Florida,2019,2019-03-24,1,0.111,13.53,-0.48,10.4,4.4,2.6,3.4,2.3,0.9,0.003,0.018,-0.057
Duke,Virginia Tech,2019,2019-03-29,1,0.103,7.62,-0.19,9.2,8.6,0.7,2.4,4.6,1.6,-0.026,-0.062,-0.086
Duke,Michigan State,2019,2019-03-31,0,0.029,1.97,0.09,5.1,0.7,-2.4,3.9,1.5,0.2,-0.024,-0.003,-0.070
Fairleigh Dickinson,Gonzaga,2019,2019-03-21,0,-0.291,-33.88,0.00,-12.7,-6.0,-4.2,0.0,-1.7,3.0,-0.044,-0.007,0.037
Florida,Nevada,2019,2019-03-21,1,-0.320,-0.58,-1.17,-12.3,-4.1,-2.5,0.9,-0.3,1.3,-0.043,0.005,-0.013
Florida,Michigan,2019,2019-03-23,0,-0.265,-6.40,0.35,-1.8,-1.9,-1.7,1.0,-0.4,2.7,-0.012,0.032,-0.008
Florida State,Vermont,2019,2019-03-21,1,-0.024,13.11,0.50,1.1,2.5,1.1,1.7,0.4,2.2,-0.023,-0.027,-0.027
Florida State,Murray State,2019,2019-03-23,1,-0.077,9.03,0.12,-7.7,-0.2,-5.1,-0.3,-0.1,1.1,-0.041,0.011,-0.021
Florida State,Gonzaga,2019,2019-03-28,0,-0.115,-9.80,0.00,-12.7,-1.4,-5.3,-0.3,-1.1,2.7,-0.075,0.023,-0.031
Gardner Webb,Virginia,2019,2019-03-22,0,-0.230,-28.07,0.36,6.3,-0.9,0.0,1.2,-1.0,2.6,0.009,-0.030,-0.004
Georgia State,Houston,2019,2019-03-22,0,-0.184,-16.47,0.03,1.1,-8.0,-2.6,1.4,0.2,0.4,0.016,0.010,0.029
Gonzaga,Fairleigh Dickinson,2019,2019-03-21,1,0.291,33.88,0.00,12.7,6.0,4.2,0.0,1.7,-3.0,0.044,0.007,-0.037
Gonzaga,Baylor,2019,2019-03-23,1,0.315,14.41,0.08,15.8,1.3,4.2,1.4,0.8,-2.5,0.083,-0.055,0.022
Gonzaga,Florida State,2019,2019-03-28,1,0.115,9.80,0.00,12.7,1.4,5.3,0.3,1.1,-2.7,0.075,-0.023,0.031
Gonzaga,Texas Tech,2019,2019-03-30,0,0.103,5.00,0.14,14.8,4.9,4.5,0.2,0.6,-1.4,0.054,-0.007,-0.002
Houston,Georgia State,2019,2019-03-22,1,0.184,16.47,-0.03,-1.1,8.0,2.6,-1.4,-0.2,-0.4,-0.016,-0.010,-0.029
Houston,Ohio State,2019,2019-03-24,1,0.336,5.02,0.35,6.2,5.9,0.7,0.6,2.0,-1.4,0.010,0.027,0.014
Houston,Kentucky,2019,2019-03-29,0,0.094,-2.52,0.77,-0.5,2.0,1.3,0.6,-0.4,-1.5,-0.022,0.131,0.001
Iona,North Carolina,2019,2019-03-22,0,-0.287,-28.72,0.20,-9.1,-9.2,-5.7,-0.2,-0.6,-0.8,0.008,0.088,-0.011
Iowa,Cincinnati,2019,2019-03-22,1,-0.157,-0.26,-0.18,6.6,-0.5,2.2,-0.1,-1.2,1.8,0.043,0.056,0.019
Iowa,Tennessee,2019,2019-03-24,0,-0.186,-7.28,-0.43,-3.7,-2.0,-2.3,0.0,-2.2,1.1,-0.017,0.069,-0.003
Iowa State,Ohio State,2019,2019-03-22,0,0.101,4.18,-0.16,7.8,0.4,1.0,1.2,2.2,-1.7,0.035,-0.004,0.022
Kansas,Northeastern,2019,2019-03-21,1,0.038,14.40,-0.83,0.3,6.6,-0.8,0.6,1.7,1.9,-0.042,-0.115,-0.032
Kansas,Auburn,2019,2019-03-23,0,-0.008,-2.49,-0.75,-4.0,4.0,-1.0,-2.4,-0.9,1.4,-0.014,-0.145,-0.027
Kansas State,California Irvine,2019,2019-03-22,0,-0.100,9.69,-0.20,-6.5,-6.4,0.7,1.8,-1.9,-0.6,-0.022,0.060,-0.025
Kentucky,Abilene Christian,2019,2019-03-21,1,0.000,23.34,-0.68,2.2,6.0,-1.9,-2.8,2.1,0.6,0.007,-0.049,-0.026
Kentucky,Wofford,2019,2019-03-23,1,-0.061,7.51,-0.61,-6.5,3.4,-1.6,-0.8,1.8,1.8,-0.026,-0.139,-0.060
Kentucky,Houston,2019,2019-03-29,1,-0.094,2.52,-0.77,0.5,-2.0,-1.3,-0.6,0.4,1.5,0.022,-0.131,-0.001
Kentucky,Auburn,2019,2019-03-31,0,0.075,0.59,-1.01,-3.9,4.4,-0.8,-3.3,0.0,0.9,0.003,-0.197,-0.023
Liberty,Mississippi State,2019,2019-03-22,1,0.127,-10.69,0.19,-3.6,-3.1,0.7,-1.9,-2.4,-2.3,0.021,0.052,-0.008
Liberty,Virginia Tech,2019,2019-03-24,0,0.074,-14.01,0.33,0.2,0.0,-0.4,-0.5,0.5,-0.2,0.007,0.006,-0.025
Louisiana State,Yale,2019,2019-03-21,1,0.054,10.98,-0.06,-0.5,0.1,-3.9,2.9,-0.2,-0.2,-0.030,-0.008,-0.044
Louisiana State,Maryland,2019,2019-03-23,1,0.125,0.49,0.21,9.0,-0.6,-0.2,4.4,-0.6,0.0,0.003,-0.029,-0.030
Louisiana State,Michigan State,2019,2019-03-29,0,-0.011,-8.43,0.15,2.8,-1.8,-5.4,3.6,-1.1,0.3,-0.032,-0.036,-0.059
Louisville,Minnesota,2019,2019-03-21,0,-0.012,4.76,0.08,4.0,1.6,-1.0,-0.5,-1.0,0.5,0.031,0.140,0.025
Marquette,Murray State,2019,2019-03-21,0,-0.144,5.82,0.04,-5.3,0.2,-4.5,-2.6,-0.2,1.5,-0.014,0.053,0.035
Maryland,Belmont,2019,2019-03-21,1,-0.156,6.89,0.14,-15.5,0.7,-6.4,-2.3,1.0,1.5,-0.052,-0.069,-0.023
Maryland,Louisiana State,2019,2019-03-23,0,-0.125,-0.49,-0.21,-9.0,0.6,0.2,-4.4,0.6,0.0,-0.003,0.029,0.030
Michigan,Montana,2019,2019-03-21,1,0.059,20.32,-0.61,-6.5,1.7,-0.8,-0.4,1.0,-2.9,-0.043,0.015,-0.034
Michigan,Florida,2019,2019-03-23,1,0.265,6.40,-0.35,1.8,1.9,1.7,-1.0,0.4,-2.7,0.012,-0.032,0.008
Michigan,Texas Tech,2019,2019-03-28,0,0.017,-0.97,-0.42,-3.2,1.2,0.2,-1.2,-0.9,-3.0,-0.026,0.039,-0.023
Michigan State,Bradley,2019,2019-03-21,1,0.235,25.01,-0.64,11.1,6.4,6.2,-0.1,1.5,0.0,0.054,0.028,0.010
Michigan State,Minnesota,2019,2019-03-23,1,0.206,12.41,-0.49,7.0,4.0,3.8,0.3,1.4,1.0,0.064,0.081,0.061
Michigan State,Louisiana State,2019,2019-03-29,1,0.011,8.43,-0.15,-2.8,1.8,5.4,-3.6,1.1,-0.3,0.032,0.036,0.059
Michigan State,Duke,2019,2019-03-31,1,-0.029,-1.97,-0.09,-5.1,-0.7,2.4,-3.9,-1.5,-0.2,0.024,0.003,0.070
Michigan State,Texas Tech,2019,2019-04-06,0,0.017,2.14,-0.23,4.8,6.4,4.7,-2.1,0.4,0.6,0.018,0.017,0.013
Minnesota,Louisville,2019,2019-03-21,1,0.012,-4.76,-0.08,-4.0,-1.6,1.0,0.5,1.0,-0.5,-0.031,-0.140,-0.025
Minnesota,Michigan State,2019,2019-03-23,0,-0.206,-12.41,0.49,-7.0,-4.0,-3.8,-0.3,-1.4,-1.0,-0.064,-0.081,-0.061
Mississippi,Oklahoma,2019,2019-03-22,0,0.031,-2.98,-0.49,4.0,-2.9,1.8,1.1,0.6,0.8,0.034,0.067,0.012
Mississippi State,Liberty,2019,2019-03-22,0,-0.127,10.69,-0.19,3.6,3.1,-0.7,1.9,2.4,2.3,-0.021,-0.052,0.008
Montana,Michigan,2019,2019-03-21,0,-0.059,-20.32,0.61,6.5,-1.7,0.8,0.4,-1.0,2.9,0.043,-0.015,0.034
Murray State,Marquette,2019,2019-03-21,1,0.144,-5.82,-0.04,5.3,-0.2,4.5,2.6,0.2,-1.5,0.014,-0.053,-0.035
Murray State,Florida State,2019,2019-03-23,0,0.077,-9.03,-0.12,7.7,0.2,5.1,0.3,0.1,-1.1,0.041,-0.011,0.021
Nevada,Florida,2019,2019-03-21,0,0.320,0.58,1.17,12.3,4.1,2.5,-0.9,0.3,-1.3,0.043,-0.005,0.013
New Mexico State,Auburn,2019,2019-03-21,0,0.139,-10.79,-0.09,-1.6,4.2,0.4,-3.6,-2.2,0.3,-0.007,-0.027,-0.043
North Carolina,Iona,2019,2019-03-22,1,0.287,28.72,-0.20,9.1,9.2,5.7,0.2,0.6,0.8,-0.008,-0.088,0.011
North Carolina,Washington,2019,2019-03-24,1,0.053,11.93,-0.10,16.0,12.7,7.2,-2.0,-2.4,-0.2,0.009,-0.042,0.012
North Carolina,Auburn,2019,2019-03-29,0,0.075,3.10,-0.39,6.1,9.9,4.5,-2.2,-1.5,1.4,-0.008,-0.136,-0.015
North Dakota State,Duke,2019,2019-03-22,0,-0.294,-30.91,-0.13,-9.7,-9.6,-4.4,-4.5,-4.3,-2.3,0.015,0.099,0.057
Northeastern,Kansas,2019,2019-03-21,0,-0.038,-14.40,0.83,-0.3,-6.6,0.8,-0.6,-1.7,-1.9,0.042,0.115,0.032
Northern Kentucky,Texas Tech,2019,2019-03-22,0,-0.042,-18.12,-0.36,5.7,3.0,3.3,-1.1,-0.9,0.6,0.008,0.052,-0.002
Ohio State,Iowa State,2019,2019-03-22,1,-0.101,-4.18,0.16,-7.8,-0.4,-1.0,-1.2,-2.2,1.7,-0.035,0.004,-0.022
Ohio State,Houston,2019,2019-03-24,0,-0.336,-5.02,-0.35,-6.2,-5.9,-0.7,-0.6,-2.0,1.4,-0.010,-0.027,-0.014
Oklahoma,Mississippi,2019,2019-03-22,1,-0.031,2.98,0.49,-4.0,2.9,-1.8,-1.1,-0.6,-0.8,-0.034,-0.067,-0.012
Oklahoma,Virginia,2019,2019-03-24,0,-0.313,-10.16,0.93,-0.1,2.2,-1.7,0.4,-0.9,2.8,-0.046,-0.065,-0.049
Old Dominion,Purdue,2019,2019-03-21,0,0.046,-17.66,0.06,-11.0,1.7,-1.9,-0.5,0.6,1.1,-0.065,-0.082,-0.025
Oregon,Wisconsin,2019,2019-03-22,1,-0.040,-3.95,-0.54,1.4,-0.8,0.6,2.4,0.2,2.0,0.019,0.049,-0.008
Oregon,California Irvine,2019,2019-03-24,1,-0.200,8.25,-0.92,-2.3,-5.4,0.3,1.9,0.2,-0.3,0.007,0.072,-0.008
Oregon,Virginia,2019,2019-03-28,0,-0.249,-11.51,-0.22,-1.4,-0.5,-1.1,2.0,0.4,2.6,-0.031,0.000,-0.044
Purdue,Old Dominion,2019,2019-03-21,1,-0.046,17.66,-0.06,11.0,-1.7,1.9,0.5,-0.6,-1.1,0.065,0.082,0.025
Purdue,Villanova,2019,2019-03-23,1,-0.017,7.07,-0.33,3.0,2.5,0.4,0.7,1.1,-0.2,-0.002,-0.080,0.022
Purdue,Tennessee,2019,2019-03-28,1,-0.134,-0.15,-0.62,-5.3,-0.3,-3.4,0.1,-1.4,-0.5,-0.024,0.135,0.007
Purdue,Virginia,2019,2019-03-30,0,-0.188,-4.06,0.02,5.3,2.4,0.1,0.5,0.1,1.6,-0.016,0.059,-0.021
Saint Louis,Virginia Tech,2019,2019-03-22,0,-0.093,-14.22,-0.19,-6.9,7.1,-2.4,0.4,1.8,1.7,-0.096,-0.107,-0.090
Saint Mary's (CA),Villanova,2019,2019-03-21,0,-0.069,-1.75,-0.35,-1.3,-0.1,-4.0,0.5,-0.3,-0.4,0.003,-0.183,0.026
Seton Hall,Wofford,2019,2019-03-21,0,-0.273,-3.67,-0.18,-8.5,0.5,-1.6,0.2,0.9,1.6,-0.064,-0.068,-0.090
Syracuse,Baylor,2019,2019-03-21,0,0.012,0.35,0.08,-2.1,-3.2,-1.9,2.1,0.1,-0.7,-0.009,0.023,-0.008
Tennessee,Colgate,2019,2019-03-22,1,0.147,20.32,0.15,6.3,2.2,2.3,-0.1,1.9,-1.9,0.002,-0.089,-0.026
Tennessee,Iowa,2019,2019-03-24,1,0.186,7.28,0.43,3.7,2.0,2.3,0.0,2.2,-1.1,0.017,-0.069,0.003
Tennessee,Purdue,2019,2019-03-28,0,0.134,0.15,0.62,5.3,0.3,3.4,-0.1,1.4,0.5,0.024,-0.135,-0.007
Texas Tech,Northern Kentucky,2019,2019-03-22,1,0.042,18.12,0.36,-5.7,-3.0,-3.3,1.1,0.9,-0.6,-0.008,-0.052,0.002
Texas Tech,Buffalo,2019,2019-03-24,1,-0.105,7.23,-0.39,-11.6,-6.7,-3.0,0.0,1.0,0.0,0.006,-0.076,0.028
Texas Tech,Michigan,2019,2019-03-28,1,-0.017,0.97,0.42,3.2,-1.2,-0.2,1.2,0.9,3.0,0.026,-0.039,0.023
Texas Tech,Gonzaga,2019,2019-03-30,1,-0.103,-5.00,-0.14,-14.8,-4.9,-4.5,-0.2,-0.6,1.4,-0.054,0.007,0.002
Texas Tech,Michigan State,2019,2019-04-06,1,-0.017,-2.14,0.23,-4.8,-6.4,-4.7,2.1,-0.4,-0.6,-0.018,-0.017,-0.013
Texas Tech,Virginia,2019,2019-04-08,0,-0.100,-2.67,0.21,1.4,-0.8,-0.7,1.7,1.0,3.0,-0.012,-0.035,-0.030
Utah State,Washington,2019,2019-03-22,0,0.059,-0.03,-0.53,8.9,8.7,5.5,-2.9,-1.5,-0.5,0.025,-0.020,0.005
Vermont,Florida State,2019,2019-03-21,0,0.024,-13.11,-0.50,-1.1,-2.5,-1.1,-1.7,-0.4,-2.2,0.023,0.027,0.027
Villanova,Saint Mary's (CA),2019,2019-03-21,1,0.069,1.75,0.35,1.3,0.1,4.0,-0.5,0.3,0.4,-0.003,0.183,-0.026
Villanova,Purdue,2019,2019-03-23,0,0.017,-7.07,0.33,-3.0,-2.5,-0.4,-0.7,-1.1,0.2,0.002,0.080,-0.022
Virginia,Gardner Webb,2019,2019-03-22,1,0.230,28.07,-0.36,-6.3,0.9,0.0,-1.2,1.0,-2.6,-0.009,0.030,0.004
Virginia,Oklahoma,2019,2019-03-24,1,0.313,10.16,-0.93,0.1,-2.2,1.7,-0.4,0.9,-2.8,0.046,0.065,0.049
Virginia,Oregon,2019,2019-03-28,1,0.249,11.51,0.22,1.4,0.5,1.1,-2.0,-0.4,-2.6,0.031,0.000,0.044
Virginia,Purdue,2019,2019-03-30,1,0.188,4.06,-0.02,-5.3,-2.4,-0.1,-0.5,-0.1,-1.6,0.016,-0.059,0.021
Virginia,Auburn,2019,2019-04-06,1,0.163,4.62,-0.68,-8.3,0.7,0.0,-3.6,-0.9,-2.7,0.011,-0.098,0.018
Virginia,Texas Tech,2019,2019-04-08,1,0.100,2.67,-0.21,-1.4,0.8,0.7,-1.7,-1.0,-3.0,0.012,0.035,0.030
Virginia Commonwealth,Central Florida,2019,2019-03-22,0,0.039,-1.41,-0.26,-1.3,-0.2,0.3,2.3,0.0,2.0,-0.024,0.057,-0.060
Virginia Tech,Saint Louis,2019,2019-03-22,1,0.093,14.22,0.19,6.9,-7.1,2.4,-0.4,-1.8,-1.7,0.096,0.107,0.090
Virginia Tech,Liberty,2019,2019-03-24,1,-0.074,14.01,-0.33,-0.2,0.0,0.4,0.5,-0.5,0.2,-0.007,-0.006,0.025
Virginia Tech,Duke,2019,2019-03-29,0,-0.103,-7.62,0.19,-9.2,-8.6,-0.7,-2.4,-4.6,-1.6,0.026,0.062,0.086
Washington,Utah State,2019,2019-03-22,1,-0.059,0.03,0.53,-8.9,-8.7,-5.5,2.9,1.5,0.5,-0.025,0.020,-0.005
Washington,North Carolina,2019,2019-03-24,0,-0.053,-11.93,0.10,-16.0,-12.7,-7.2,2.0,2.4,0.2,-0.009,0.042,-0.012
Wisconsin,Oregon,2019,2019-03-22,0,0.040,3.95,0.54,-1.4,0.8,-0.6,-2.4,-0.2,-2.0,-0.019,-0.049,0.008
Wofford,Seton Hall,2019,2019-03-21,1,0.273,3.67,0.18,8.5,-0.5,1.6,-0.2,-0.9,-1.6,0.064,0.068,0.090
Wofford,Kentucky,2019,2019-03-23,0,0.061,-7.51,0.61,6.5,-3.4,1.6,0.8,-1.8,-1.8,0.026,0.139,0.060
Yale,Louisiana State,2019,2019-03-21,0,-0.054,-10.98,0.06,0.5,-0.1,3.9,-2.9,0.2,0.2,0.030,0.008,0.044
Alabama,Virginia Tech,2018,2018-03-15,1,-0.097,-2.01,-0.65,-7.5,3.1,-3.7,0.5,3.1,2.3,-0.053,-0.045,-0.062
Alabama,Villanova,2018,2018-03-17,0,-0.324,-14.30,-0.57,-14.3,-0.1,-3.7,-0.2,1.2,3.6,-0.072,-0.120,-0.075
Arizona,Buffalo,2018,2018-03-15,0,0.029,7.68,-0.09,-4.1,-2.1,-1.4,-1.4,0.4,-0.2,0.028,-0.086,-0.001
Arkansas,Butler,2018,2018-03-16,0,0.070,-2.16,0.76,1.6,0.3,0.3,-0.4,1.8,-0.3,-0.003,-0.051,0.038
Auburn,College of Charleston,2018,2018-03-16,1,-0.007,14.14,-0.35,7.3,4.7,2.7,2.2,1.8,2.1,-0.009,0.053,-0.003
Auburn,Clemson,2018,2018-03-18,0,0.063,-1.19,-0.23,8.1,2.0,0.9,1.7,0.5,0.3,-0.007,0.032,-0.009
Bucknell,Michigan State,2018,2018-03-16,0,-0.143,-17.92,-0.14,0.9,-4.5,-4.7,1.4,-2.9,-0.6,-0.024,0.029,-0.052
Buffalo,Arizona,2018,2018-03-15,1,-0.029,-7.68,0.09,4.1,2.1,1.4,1.4,-0.4,0.2,-0.028,0.086,0.001
Buffalo,Kentucky,2018,2018-03-17,0,0.059,-9.25,0.74,7.8,-0.1,3.4,0.7,-0.7,-0.6,0.014,0.147,0.013
Butler,Arkansas,2018,2018-03-16,1,-0.070,2.16,-0.76,-1.6,-0.3,-0.3,0.4,-1.8,0.3,0.003,0.051,-0.038
Butler,Purdue,2018,2018-03-18,0,-0.217,-6.49,-0.75,-1.5,-0.8,-2.2,0.9,-2.0,0.4,-0.039,-0.027,-0.063
Cal State Fullerton,Purdue,2018,2018-03-16,0,-0.178,-24.34,-0.77,-8.0,0.1,-3.6,0.6,-1.6,3.4,-0.048,-0.110,-0.086
Cincinnati,Georgia State,2018,2018-03-16,1,0.176,17.03,-0.17,-0.4,5.5,2.8,-0.2,0.8,-0.1,-0.017,-0.060,-0.032
Cincinnati,Nevada,2018,2018-03-18,0,0.088,5.81,-0.80,-8.3,3.7,-0.4,0.9,1.3,1.6,-0.039,-0.050,-0.039
Clemson,New Mexico State,2018,2018-03-16,1,-0.130,8.10,-0.19,-1.8,-5.3,-0.9,0.1,1.8,-0.8,0.029,0.033,0.032
Clemson,Auburn,2018,2018-03-18,1,-0.063,1.19,0.23,-8.1,-2.0,-0.9,-1.7,-0.5,-0.3,0.007,-0.032,0.009
Clemson,Kansas,2018,2018-03-23,0,-0.075,-4.23,0.17,-7.6,0.3,-3.4,-0.8,0.7,0.1,-0.028,-0.012,-0.035
College of Charleston,Auburn,2018,2018-03-16,0,0.007,-14.14,0.35,-7.3,-4.7,-2.7,-2.2,-1.8,-2.1,0.009,-0.053,0.003
Creighton,Kansas State,2018,2018-03-16,0,-0.010,3.50,0.43,12.4,5.8,4.0,-2.2,-0.3,-0.2,0.038,0.083,0.031
Davidson,Kentucky,2018,2018-03-15,0,-0.050,-6.22,0.88,-0.5,-6.0,3.5,-0.9,-2.8,-3.5,0.043,0.225,0.032
Duke,Iona,2018,2018-03-15,1,0.182,23.68,-1.19,4.9,7.4,1.6,0.7,2.0,0.8,0.018,-0.043,-0.011
Duke,Rhode Island,2018,2018-03-17,1,0.007,12.62,-1.21,8.4,6.7,2.2,0.1,1.5,1.8,0.048,0.044,0.020
Duke,Syracuse,2018,2018-03-23,1,0.170,11.54,-0.64,17.8,3.9,6.8,0.4,-0.4,0.0,0.068,0.036,0.054
Duke,Kansas,2018,2018-03-25,0,-0.006,3.04,-0.69,3.0,5.5,0.9,0.9,0.9,0.7,-0.007,-0.048,-0.029
Florida,St. Bonaventure,2018,2018-03-15,1,-0.163,7.79,-0.31,-1.3,-0.3,-0.8,0.0,1.3,-1.6,-0.022,0.067,-0.016
Florida,Texas Tech,2018,2018-03-17,0,-0.102,-2.72,-0.34,1.2,-0.8,-1.2,-0.1,0.5,-2.4,-0.016,0.068,0.011
Florida State,Missouri,2018,2018-03-16,1,0.020,1.97,-0.48,7.5,0.7,1.5,1.7,1.1,-1.2,-0.012,-0.085,-0.033
Florida State,Xavier,2018,2018-03-18,1,-0.203,-3.28,-0.48,-4.2,-0.5,-1.6,1.0,2.2,0.4,-0.041,0.010,-0.022
Florida State,Gonzaga,2018,2018-03-22,1,-0.237,-2.66,-0.17,-3.3,-2.1,-0.3,0.6,1.7,1.6,-0.031,-0.027,-0.018
Florida State,Michigan,2018,2018-03-24,0,-0.149,-3.25,0.00,6.6,4.5,0.6,0.5,2.2,3.8,-0.001,-0.066,-0.007
Georgia State,Cincinnati,2018,2018-03-16,0,-0.176,-17.03,0.17,0.4,-5.5,-2.8,0.2,-0.8,0.1,0.017,0.060,0.032
Gonzaga,North Carolina Greensboro,2018,2018-03-15,1,0.088,13.90,-0.52,10.3,2.6,1.3,-1.3,-0.2,-2.3,0.046,-0.058,0.015
Gonzaga,Ohio State,2018,2018-03-17,1,0.132,0.77,-0.23,7.3,3.3,0.5,0.2,-0.3,-0.3,0.023,0.053,0.015
Gonzaga,Florida State,2018,2018-03-22,0,0.237,2.66,0.17,3.3,2.1,0.3,-0.6,-1.7,-1.6,0.031,0.027,0.018
Houston,San Diego State,2018,2018-03-15,1,0.100,3.76,0.05,-0.4,0.7,-0.4,0.0,-0.2,0.0,0.009,0.010,0.050
Houston,Michigan,2018,2018-03-17,0,-0.006,-3.04,0.66,3.1,5.3,0.1,-0.2,-0.1,2.7,-0.001,-0.062,0.030
Iona,Duke,2018,2018-03-15,0,-0.182,-23.68,1.19,-4.9,-7.4,-1.6,-0.7,-2.0,-0.8,-0.018,0.043,0.011
Kansas,Pennsylvania,2018,2018-03-15,1,0.044,19.15,-0.39,5.5,-1.9,1.2,0.6,1.3,-0.1,0.038,-0.015,0.051
Kansas,Seton Hall,2018,2018-03-17,1,0.138,5.72,0.00,2.0,-2.7,1.1,0.3,0.7,-1.0,0.035,0.082,0.036
Kansas,Clemson,2018,2018-03-23,1,0.075,4.23,-0.17,7.6,-0.3,3.4,0.8,-0.7,-0.1,0.028,0.012,0.035
Kansas,Duke,2018,2018-03-25,1,0.006,-3.04,0.69,-3.0,-5.5,-0.9,-0.9,-0.9,-0.7,0.007,0.048,0.029
Kansas,Villanova,2018,2018-03-31,0,-0.088,-5.25,-0.17,-5.2,-0.3,0.2,0.0,0.0,1.0,-0.029,-0.064,0.000
Kansas State,Creighton,2018,2018-03-16,1,0.010,-3.50,-0.43,-12.4,-5.8,-4.0,2.2,0.3,0.2,-0.038,-0.083,-0.031
Kansas State,Maryland Baltimore County,2018,2018-03-18,1,-0.039,14.87,-0.35,-2.0,-3.9,-1.4,0.4,0.6,-0.8,0.011,-0.083,-0.046
Kansas State,Kentucky,2018,2018-03-22,1,-0.039,-4.39,0.57,-5.7,-8.0,0.6,2.3,-1.8,-1.6,0.003,0.109,-0.016
Kansas State,Loyola (IL),2018,2018-03-24,0,-0.182,2.48,-0.41,-0.5,-1.5,-1.8,1.6,0.6,-1.0,-0.041,0.012,-0.055
Kentucky,Davidson,2018,2018-03-15,1,0.050,6.22,-0.88,0.5,6.0,-3.5,0.9,2.8,3.5,-0.043,-0.225,-0.032
Kentucky,Buffalo,2018,2018-03-17,1,-0.059,9.25,-0.74,-7.8,0.1,-3.4,-0.7,0.7,0.6,-0.014,-0.147,-0.013
Kentucky,Kansas State,2018,2018-03-22,0,0.039,4.39,-0.57,5.7,8.0,-0.6,-2.3,1.8,1.6,-0.003,-0.109,0.016
Lipscomb,North Carolina,2018,2018-03-16,0,0.004,-22.17,0.23,0.5,-3.7,-2.5,0.7,-1.0,2.9,0.008,0.047,-0.031
Loyola (IL),Miami (FL),2018,2018-03-15,1,0.139,-2.46,0.27,-2.2,-2.6,2.3,-0.3,-1.7,0.9,0.051,-0.005,0.032
Loyola (IL),Tennessee,2018,2018-03-17,1,0.091,-7.83,0.54,-2.2,-3.9,-0.1,0.0,-2.1,0.3,0.052,-0.001,0.016
Loyola (IL),Nevada,2018,2018-03-22,1,0.054,-4.07,-0.33,-11.0,-3.4,-0.6,0.1,-1.7,2.8,0.018,-0.047,0.004
Loyola (IL),Kansas State,2018,2018-03-24,1,0.182,-2.48,0.41,0.5,1.5,1.8,-1.6,-0.6,1.0,0.041,-0.012,0.055
Loyola (IL),Michigan,2018,2018-03-31,0,0.054,-8.66,0.54,-2.0,-1.1,1.3,-0.1,-0.7,3.2,0.038,-0.077,0.039
Marshall,Wichita State,2018,2018-03-16,1,-0.075,-12.37,-0.35,1.0,-4.7,-1.4,2.3,2.0,1.5,-0.001,0.062,-0.023
Marshall,West Virginia,2018,2018-03-18,0,0.000,-15.68,-0.02,3.7,-2.1,1.9,-1.1,0.6,1.8,0.041,0.070,0.005
Maryland Baltimore County,Virginia,2018,2018-03-16,1,-0.234,-24.22,0.15,6.0,2.3,1.7,0.7,-1.2,3.7,-0.003,0.099,0.004
Maryland Baltimore County,Kansas State,2018,2018-03-18,0,0.039,-14.87,0.35,2.0,3.9,1.4,-0.4,-0.6,0.8,-0.011,0.083,0.046
Miami (FL),Loyola (IL),2018,2018-03-15,0,-0.139,2.46,-0.27,2.2,2.6,-2.3,0.3,1.7,-0.9,-0.051,0.005,-0.032
Michigan,Montana,2018,2018-03-15,1,0.006,12.74,-0.02,-3.6,-3.7,1.7,-1.4,-0.3,-3.2,0.013,0.162,0.018
Michigan,Houston,2018,2018-03-17,1,0.006,3.04,-0.66,-3.1,-5.3,-0.1,0.2,0.1,-2.7,0.001,0.062,-0.030
Michigan,Texas A&M,2018,2018-03-22,1,0.169,3.73,-0.14,-2.4,-9.5,2.9,-0.5,0.1,-0.4,0.061,0.057,0.064
Michigan,Florida State,2018,2018-03-24,1,0.149,3.25,0.00,-6.6,-4.5,-0.6,-0.5,-2.2,-3.8,0.001,0.066,0.007
Michigan,Loyola (IL),2018,2018-03-31,1,-0.054,8.66,-0.54,2.0,1.1,-1.3,0.1,0.7,-3.2,-0.038,0.077,-0.039
Michigan,Villanova,2018,2018-04-02,0,-0.088,-7.61,-0.44,-13.0,-2.6,-2.1,-0.1,-1.0,-1.5,-0.059,-0.042,-0.044
Michigan State,Bucknell,2018,2018-03-16,1,0.143,17.92,0.14,-0.9,4.5,4.7,-1.4,2.9,0.6,0.024,-0.029,0.052
Michigan State,Syracuse,2018,2018-03-18,0,0.261,9.52,0.21,13.6,3.9,8.4,-2.9,1.8,0.7,0.083,0.035,0.082
Missouri,Florida State,2018,2018-03-16,0,-0.020,-1.97,0.48,-7.5,-0.7,-1.5,-1.7,-1.1,1.2,0.012,0.085,0.033
Montana,Michigan,2018,2018-03-15,0,-0.006,-12.74,0.02,3.6,3.7,-1.7,1.4,0.3,3.2,-0.013,-0.162,-0.018
Murray State,West Virginia,2018,2018-03-16,0,0.133,-13.02,-0.08,-1.5,-0.8,-0.5,-1.3,-1.9,0.6,0.049,0.016,0.024
Nevada,Texas,2018,2018-03-16,1,0.218,0.48,0.77,10.5,-0.2,4.6,0.1,-0.8,-2.1,0.056,0.023,0.072
Nevada,Cincinnati,2018,2018-03-18,1,-0.088,-5.81,0.80,8.3,-3.7,0.4,-0.9,-1.3,-1.6,0.039,0.050,0.039
Nevada,Loyola (IL),2018,2018-03-22,0,-0.054,4.07,0.33,11.0,3.4,0.6,-0.1,1.7,-2.8,-0.018,0.047,-0.004
New Mexico State,Clemson,2018,2018-03-16,0,0.130,-8.10,0.19,1.8,5.3,0.9,-0.1,-1.8,0.8,-0.029,-0.033,-0.032
North Carolina,Lipscomb,2018,2018-03-16,1,-0.004,22.17,-0.23,-0.5,3.7,2.5,-0.7,1.0,-2.9,-0.008,-0.047,0.031
North Carolina,Texas A&M,2018,2018-03-18,0,0.089,4.77,0.11,5.6,-0.4,6.8,-1.1,1.1,2.4,0.049,-0.026,0.066
North Carolina Greensboro,Gonzaga,2018,2018-03-15,0,-0.088,-13.90,0.52,-10.3,-2.6,-1.3,1.3,0.2,2.3,-0.046,0.058,-0.015
North Carolina State,Seton Hall,2018,2018-03-15,0,0.000,-2.76,0.25,1.9,-2.7,0.6,1.2,0.3,-0.6,0.004,0.015,0.007
Ohio State,South Dakota State,2018,2018-03-15,1,-0.074,10.83,-0.45,-8.3,-2.3,1.4,1.2,1.6,1.6,-0.021,-0.090,-0.050
Ohio State,Gonzaga,2018,2018-03-17,0,-0.132,-0.77,0.23,-7.3,-3.3,-0.5,-0.2,0.3,0.3,-0.023,-0.053,-0.015
Oklahoma,Rhode Island,2018,2018-03-15,0,-0.201,2.00,-0.66,8.9,4.0,-0.3,-0.8,1.2,2.8,0.029,0.085,0.007
Pennsylvania,Kansas,2018,2018-03-15,0,-0.044,-19.15,0.39,-5.5,1.9,-1.2,-0.6,-1.3,0.1,-0.038,0.015,-0.051
Providence,Texas A&M,2018,2018-03-16,0,-0.007,-4.18,0.18,-2.4,-7.2,2.5,-0.1,0.7,2.7,0.033,-0.047,0.039
Purdue,Cal State Fullerton,2018,2018-03-16,1,0.178,24.34,0.77,8.0,-0.1,3.6,-0.6,1.6,-3.4,0.048,0.110,0.086
Purdue,Butler,2018,2018-03-18,1,0.217,6.49,0.75,1.5,0.8,2.2,-0.9,2.0,-0.4,0.039,0.027,0.063
Purdue,Texas Tech,2018,2018-03-23,0,0.096,4.03,0.26,5.8,-1.0,1.9,-1.4,0.6,-1.5,0.051,0.065,0.061
Radford,Villanova,2018,2018-03-15,0,-0.225,-29.26,0.00,-19.3,-1.3,-4.1,-0.2,-1.2,1.6,-0.095,-0.080,-0.052
Rhode Island,Oklahoma,2018,2018-03-15,1,0.201,-2.00,0.66,-8.9,-4.0,0.3,0.8,-1.2,-2.8,-0.029,-0.085,-0.007
Rhode Island,Duke,2018,2018-03-17,0,-0.007,-12.62,1.21,-8.4,-6.7,-2.2,-0.1,-1.5,-1.8,-0.048,-0.044,-0.020
San Diego State,Houston,2018,2018-03-15,0,-0.100,-3.76,-0.05,0.4,-0.7,0.4,0.0,0.2,0.0,-0.009,-0.010,-0.050
Seton Hall,North Carolina State,2018,2018-03-15,1,0.000,2.76,-0.25,-1.9,2.7,-0.6,-1.2,-0.3,0.6,-0.004,-0.015,-0.007
Seton Hall,Kansas,2018,2018-03-17,0,-0.138,-5.72,0.00,-2.0,2.7,-1.1,-0.3,-0.7,1.0,-0.035,-0.082,-0.036
South Dakota State,Ohio State,2018,2018-03-15,0,0.074,-10.83,0.45,8.3,2.3,-1.4,-1.2,-1.6,-1.6,0.021,0.090,0.050
St. Bonaventure,Florida,2018,2018-03-15,0,0.163,-7.79,0.31,1.3,0.3,0.8,0.0,-1.3,1.6,0.022,-0.067,0.016
Stephen F. Austin,Texas Tech,2018,2018-03-15,0,0.096,-16.72,0.10,5.9,-0.3,-0.1,3.2,-1.2,3.1,0.021,-0.019,0.013
Syracuse,Texas Christian,2018,2018-03-16,1,-0.039,-3.49,-0.71,-15.5,0.8,-7.9,0.5,1.8,-0.3,-0.072,-0.023,-0.077
Syracuse,Michigan State,2018,2018-03-18,1,-0.261,-9.52,-0.21,-13.6,-3.9,-8.4,2.9,-1.8,-0.7,-0.083,-0.035,-0.082
Syracuse,Duke,2018,2018-03-23,0,-0.170,-11.54,0.64,-17.8,-3.9,-6.8,-0.4,0.4,0.0,-0.068,-0.036,-0.054
Tennessee,Wright State,2018,2018-03-15,1,0.022,17.62,-0.69,2.4,-0.1,2.6,-0.3,2.3,-1.0,0.021,0.008,0.043
Tennessee,Loyola (IL),2018,2018-03-17,0,-0.091,7.83,-0.54,2.2,3.9,0.1,0.0,2.1,-0.3,-0.052,0.001,-0.016
Texas,Nevada,2018,2018-03-16,0,-0.218,-0.48,-0.77,-10.5,0.2,-4.6,-0.1,0.8,2.1,-0.056,-0.023,-0.072
Texas A&M,Providence,2018,2018-03-16,1,0.007,4.18,-0.18,2.4,7.2,-2.5,0.1,-0.7,-2.7,-0.033,0.047,-0.039
Texas A&M,North Carolina,2018,2018-03-18,1,-0.089,-4.77,-0.11,-5.6,0.4,-6.8,1.1,-1.1,-2.4,-0.049,0.026,-0.066
Texas A&M,Michigan,2018,2018-03-22,0,-0.169,-3.73,0.14,2.4,9.5,-2.9,0.5,-0.1,0.4,-0.061,-0.057,-0.064
Texas Christian,Syracuse,2018,2018-03-16,0,0.039,3.49,0.71,15.5,-0.8,7.9,-0.5,-1.8,0.3,0.072,0.023,0.077
Texas Southern,Xavier,2018,2018-03-16,0,-0.391,-26.59,0.26,-7.0,-2.2,-4.3,-0.1,0.9,0.0,-0.054,0.013,-0.013
Texas Tech,Stephen F. Austin,2018,2018-03-15,1,-0.096,16.72,-0.10,-5.9,0.3,0.1,-3.2,1.2,-3.1,-0.021,0.019,-0.013
Texas Tech,Florida,2018,2018-03-17,1,0.102,2.72,0.34,-1.2,0.8,1.2,0.1,-0.5,2.4,0.016,-0.068,-0.011
Texas Tech,Purdue,2018,2018-03-23,1,-0.096,-4.03,-0.26,-5.8,1.0,-1.9,1.4,-0.6,1.5,-0.051,-0.065,-0.061
Texas Tech,Villanova,2018,2018-03-25,0,-0.155,-7.26,0.07,-12.0,0.1,-2.1,0.6,0.2,1.6,-0.066,-0.140,-0.042
Villanova,Radford,2018,2018-03-15,1,0.225,29.26,0.00,19.3,1.3,4.1,0.2,1.2,-1.6,0.095,0.080,0.052
Villanova,Alabama,2018,2018-03-17,1,0.324,14.30,0.57,14.3,0.1,3.7,0.2,-1.2,-3.6,0.072,0.120,0.075
Villanova,West Virginia,2018,2018-03-23,1,0.176,6.75,0.08,6.5,-2.0,1.2,-1.6,-1.1,-0.7,0.080,0.092,0.048
Villanova,Texas Tech,2018,2018-03-25,1,0.155,7.26,-0.07,12.0,-0.1,2.1,-0.6,-0.2,-1.6,0.066,0.140,0.042
Villanova,Kansas,2018,2018-03-31,1,0.088,5.25,0.17,5.2,0.3,-0.2,0.0,0.0,-1.0,0.029,0.064,0.000
Villanova,Michigan,2018,2018-04-02,1,0.088,7.61,0.44,13.0,2.6,2.1,0.1,1.0,1.5,0.059,0.042,0.044
Virginia,Maryland Baltimore County,2018,2018-03-16,0,0.234,24.22,-0.15,-6.0,-2.3,-1.7,-0.7,1.2,-3.7,0.003,-0.099,-0.004
Virginia Tech,Alabama,2018,2018-03-15,0,0.097,2.01,0.65,7.5,-3.1,3.7,-0.5,-3.1,-2.3,0.053,0.045,0.062
West Virginia,Murray State,2018,2018-03-16,1,-0.133,13.02,0.08,1.5,0.8,0.5,1.3,1.9,-0.6,-0.049,-0.016,-0.024
West Virginia,Marshall,2018,2018-03-18,1,0.000,15.68,0.02,-3.7,2.1,-1.9,1.1,-0.6,-1.8,-0.041,-0.070,-0.005
West Virginia,Villanova,2018,2018-03-23,0,-0.176,-6.75,-0.08,-6.5,2.0,-1.2,1.6,1.1,0.7,-0.080,-0.092,-0.048
Wichita State,Marshall,2018,2018-03-16,0,0.075,12.37,0.35,-1.0,4.7,1.4,-2.3,-2.0,-1.5,0.001,-0.062,0.023
Wright State,Tennessee,2018,2018-03-15,0,-0.022,-17.62,0.69,-2.4,0.1,-2.6,0.3,-2.3,1.0,-0.021,-0.008,-0.043
Xavier,Texas Southern,2018,2018-03-16,1,0.391,26.59,-0.26,7.0,2.2,4.3,0.1,-0.9,0.0,0.054,-0.013,0.013
Xavier,Florida State,2018,2018-03-18,0,0.203,3.28,0.48,4.2,0.5,1.6,-1.0,-2.2,-0.4,0.041,-0.010,0.022